track	t_best	t0	t1	bbox	score	lat	lon	alt
0	8.0	7.0	11.0	229,579,63,34	3588.2	39.4834882	73.5851945	4563.6
1	41.0	39.0	45.0	181,443,38,44	2965.8	39.4834869	73.5851933	4563.5
2	14.0	13.0	17.0	119,9,42,66	2949.5	39.4834866	73.5851942	4563.5
3	6.0	4.0	11.0	29,143,48,47	2703.7	39.4834883	73.5851946	4563.5
4	20.0	19.0	20.0	39,151,23,61	2417.6	39.4834881	73.5851939	4563.5
5	78.1	76.1	79.1	0,280,33,27	2379.1	39.4834857	73.5851921	4563.6
6	91.1	88.1	91.1	91,657,30,32	2165.1	39.4834906	73.5851908	4563.5
7	69.1	67.1	70.1	0,617,17,72	2163.4	39.4834882	73.5851915	4563.5
8	71.1	69.1	72.1	43,959,32,37	2122.9	39.4834879	73.5851915	4563.5
9	2.0	0.0	3.0	183,1005,26,75	2096.0	39.4834879	73.5851948	4563.5
10	4.0	0.0	4.0	0,435,33,36	2053.5	39.4834884	73.5851947	4563.5
11	39.0	39.0	45.0	197,247,28,36	1842.7	39.4834880	73.5851935	4563.5
12	38.0	37.0	44.0	517,139,26,32	1834.3	39.4834882	73.5851933	4563.5
13	66.1	66.1	69.1	835,35,28,36	1820.0	39.4834880	73.5851916	4563.6
14	12.0	9.0	12.0	0,791,23,28	1783.7	39.4834870	73.5851942	4563.5
15	7.0	7.0	7.0	57,971,32,38	1630.1	39.4834883	73.5851947	4563.5
16	23.0	23.0	26.0	595,191,77,17	1606.1	39.4834899	73.5851933	4563.5
17	6.0	3.0	9.0	0,869,15,56	1581.4	39.4834883	73.5851946	4563.5
18	7.0	7.0	7.0	0,5,23,26	1545.8	39.4834883	73.5851947	4563.5
19	7.0	7.0	7.0	1835,979,30,31	1535.3	39.4834883	73.5851947	4563.5
20	17.0	17.0	19.0	469,31,40,26	1533.3	39.4834865	73.5851942	4563.5
21	13.0	12.0	19.0	571,76,29,29	1513.3	39.4834867	73.5851941	4563.5
22	13.0	5.0	16.0	93,285,30,20	1511.1	39.4834867	73.5851941	4563.5
23	69.1	56.1	71.1	0,881,38,16	1497.5	39.4834882	73.5851915	4563.5
24	11.0	8.0	12.0	163,465,22,26	1488.7	39.4834874	73.5851942	4563.5
25	42.0	37.0	44.0	91,581,18,36	1275.6	39.4834863	73.5851937	4563.6
26	6.0	5.0	6.0	128,132,17,31	1209.7	39.4834883	73.5851946	4563.5
27	71.1	70.1	71.1	225,0,20,25	1203.1	39.4834879	73.5851915	4563.5
28	4.0	0.0	4.0	73,999,12,38	1199.8	39.4834884	73.5851947	4563.5
29	64.1	61.1	66.1	129,400,30,25	1173.3	39.4834878	73.5851924	4563.6
30	21.0	18.0	21.0	33,55,18,27	1163.3	39.4834887	73.5851935	4563.5
31	102.1	100.1	103.1	1297,449,22,16	1152.6	39.4834916	73.5851920	4563.6
32	19.0	19.0	19.0	9,0,38,11	1127.3	39.4834874	73.5851940	4563.5
33	0.0	0.0	2.0	212,453,37,24	1112.6	39.4834871	73.5851948	4563.6
34	17.0	9.0	17.0	53,569,35,26	1109.7	39.4834865	73.5851942	4563.5
35	3.0	2.0	3.0	41,509,22,27	1103.3	39.4834884	73.5851946	4563.5
36	53.1	45.0	55.1	145,759,23,36	1078.8	39.4834877	73.5851937	4563.5
37	29.0	29.0	29.0	33,0,48,35	1073.8	39.4834907	73.5851928	4563.6
38	24.0	24.0	25.0	163,955,18,28	1073.1	39.4834902	73.5851934	4563.5
39	6.0	1.0	11.0	33,793,12,40	1064.3	39.4834883	73.5851946	4563.5
40	89.1	89.1	91.1	1713,801,24,15	1063.5	39.4834900	73.5851911	4563.5
41	36.0	36.0	38.0	16,630,25,22	1060.2	39.4834888	73.5851927	4563.6
42	62.1	62.1	66.1	1074,0,48,9	1049.3	39.4834875	73.5851925	4563.5
43	104.1	104.1	106.1	683,802,22,23	1029.0	39.4834914	73.5851920	4563.5
44	67.1	59.1	71.1	0,591,18,35	1007.0	39.4834880	73.5851917	4563.5
45	6.0	5.0	10.0	0,345,20,23	993.1	39.4834883	73.5851946	4563.5
46	22.0	22.0	22.0	913,161,64,22	980.8	39.4834892	73.5851932	4563.6
47	67.1	66.1	71.1	75,759,16,26	967.2	39.4834880	73.5851917	4563.5
48	91.1	91.1	91.1	81,179,18,18	947.1	39.4834906	73.5851908	4563.5
49	18.0	17.0	20.0	402,150,23,27	945.2	39.4834867	73.5851941	4563.5
50	60.1	57.1	61.1	451,168,29,15	935.0	39.4834875	73.5851936	4563.6
51	35.0	35.0	39.0	65,511,17,22	917.3	39.4834893	73.5851927	4563.6
52	58.1	57.1	66.1	87,41,34,18	903.6	39.4834871	73.5851940	4563.6
53	3.0	0.0	4.0	9,727,17,26	900.2	39.4834884	73.5851946	4563.5
54	106.1	100.1	106.1	856,934,41,11	875.3	39.4834921	73.5851921	4563.6
55	6.0	5.0	6.0	623,161,64,16	872.7	39.4834883	73.5851946	4563.5
56	8.0	8.0	11.0	145,439,34,26	869.4	39.4834882	73.5851945	4563.6
57	3.0	3.0	4.0	103,636,19,17	865.5	39.4834884	73.5851946	4563.5
58	48.0	39.0	50.1	363,946,16,42	858.6	39.4834874	73.5851938	4563.6
59	17.0	8.0	19.0	437,675,26,22	854.1	39.4834865	73.5851942	4563.5
60	75.1	68.1	77.1	193,817,20,24	850.2	39.4834858	73.5851922	4563.5
61	28.0	27.0	28.0	409,225,34,8	846.2	39.4834910	73.5851928	4563.5
62	0.0	0.0	1.0	41,254,14,42	845.1	39.4834871	73.5851948	4563.6
63	100.1	100.1	100.1	1825,343,24,10	799.5	39.4834916	73.5851921	4563.5
64	78.1	75.1	78.1	0,1012,15,23	794.7	39.4834857	73.5851921	4563.6
65	41.0	39.0	45.0	195,281,26,30	779.5	39.4834869	73.5851933	4563.5
66	56.1	46.0	57.1	65,851,16,26	771.8	39.4834871	73.5851941	4563.5
67	92.1	92.1	92.1	1539,791,30,12	770.0	39.4834913	73.5851908	4563.6
68	46.0	38.0	47.0	157,919,19,22	762.1	39.4834859	73.5851938	4563.5
69	7.0	7.0	12.0	281,729,22,18	761.7	39.4834883	73.5851947	4563.5
70	102.1	100.1	106.1	626,57,28,16	760.3	39.4834916	73.5851920	4563.6
71	103.1	99.1	103.1	278,819,17,23	748.0	39.4834915	73.5851920	4563.6
72	71.1	70.1	80.1	897,81,27,20	747.6	39.4834879	73.5851915	4563.5
73	89.1	89.1	90.1	593,583,24,16	746.0	39.4834900	73.5851911	4563.5
74	89.1	89.1	89.1	1625,775,24,14	745.0	39.4834900	73.5851911	4563.5
75	79.1	79.1	83.1	1735,21,36,14	729.7	39.4834861	73.5851921	4563.6
76	105.1	104.1	106.1	1570,161,15,22	727.4	39.4834915	73.5851921	4563.5
77	24.0	24.0	25.0	95,1011,12,44	726.5	39.4834902	73.5851934	4563.5
78	57.1	50.1	62.1	125,789,16,18	713.3	39.4834870	73.5851940	4563.5
79	3.0	3.0	5.0	1593,0,24,7	705.4	39.4834884	73.5851946	4563.5
80	0.0	0.0	2.0	55,941,18,16	699.4	39.4834871	73.5851948	4563.6
81	6.0	6.0	6.0	545,263,24,26	698.0	39.4834883	73.5851946	4563.5
82	73.1	73.1	81.1	787,219,22,14	691.0	39.4834868	73.5851916	4563.6
83	90.1	90.1	90.1	447,603,20,16	690.7	39.4834902	73.5851908	4563.5
84	33.0	29.0	34.0	9,272,28,17	684.7	39.4834897	73.5851925	4563.5
85	27.0	24.0	27.0	85,984,22,21	678.0	39.4834908	73.5851928	4563.5
86	102.1	101.1	103.1	1635,819,14,14	677.9	39.4834916	73.5851920	4563.6
87	11.0	7.0	12.0	271,675,18,16	673.1	39.4834874	73.5851942	4563.5
88	102.1	89.1	103.1	101,909,20,12	664.3	39.4834916	73.5851920	4563.6
89	78.1	78.1	79.1	115,986,6,37	664.2	39.4834857	73.5851921	4563.6
90	91.1	91.1	91.1	840,673,19,31	662.5	39.4834906	73.5851908	4563.5
91	56.1	54.1	62.1	200,457,25,16	659.3	39.4834871	73.5851941	4563.5
92	17.0	17.0	17.0	13,517,16,12	646.5	39.4834865	73.5851942	4563.5
93	74.1	74.1	75.1	139,851,12,14	633.6	39.4834863	73.5851919	4563.6
94	56.1	56.1	57.1	28,561,21,12	631.9	39.4834871	73.5851941	4563.5
95	36.0	36.0	36.0	27,897,14,24	625.3	39.4834888	73.5851927	4563.6
96	104.1	101.1	105.1	629,913,18,12	610.1	39.4834914	73.5851920	4563.5
97	41.0	38.0	45.0	208,241,12,35	591.4	39.4834869	73.5851933	4563.5
98	88.1	88.1	88.1	97,465,12,20	588.1	39.4834900	73.5851917	4563.5
99	6.0	6.0	6.0	1405,102,33,9	577.7	39.4834883	73.5851946	4563.5
100	40.0	39.0	45.0	711,459,12,28	575.7	39.4834874	73.5851933	4563.5
101	52.1	48.0	53.1	217,587,16,18	570.8	39.4834880	73.5851937	4563.5
102	43.0	37.0	45.0	690,813,15,16	568.6	39.4834858	73.5851937	4563.6
103	58.1	55.1	62.1	661,248,26,27	565.3	39.4834871	73.5851940	4563.6
104	4.0	3.0	4.0	41,439,24,20	561.7	39.4834884	73.5851947	4563.5
105	77.1	77.1	78.1	563,883,18,17	559.5	39.4834855	73.5851921	4563.6
106	27.0	27.0	34.0	313,209,23,15	555.1	39.4834908	73.5851928	4563.5
107	72.1	70.1	78.1	643,361,18,18	552.3	39.4834874	73.5851915	4563.6
108	31.0	31.0	31.0	38,89,33,16	551.4	39.4834898	73.5851924	4563.5
109	24.0	24.0	26.0	453,311,18,30	549.3	39.4834902	73.5851934	4563.5
110	2.0	0.0	2.0	43,497,20,12	544.6	39.4834879	73.5851948	4563.5
111	67.1	65.1	71.1	65,245,22,10	544.1	39.4834880	73.5851917	4563.5
112	92.1	92.1	92.1	1365,29,12,18	538.5	39.4834913	73.5851908	4563.6
113	89.1	89.1	92.1	337,149,20,19	537.3	39.4834900	73.5851911	4563.5
114	26.0	24.0	27.0	276,561,21,24	537.0	39.4834906	73.5851926	4563.5
115	81.1	80.1	83.1	623,512,18,14	535.4	39.4834876	73.5851921	4563.5
116	1.0	0.0	3.0	353,69,15,12	534.7	39.4834876	73.5851948	4563.6
117	54.1	46.0	54.1	71,865,10,21	533.2	39.4834875	73.5851940	4563.5
118	15.0	8.0	17.0	225,515,12,14	529.5	39.4834866	73.5851941	4563.5
119	75.1	68.1	75.1	386,632,22,15	528.2	39.4834858	73.5851922	4563.5
120	99.1	99.1	106.1	743,325,18,8	525.4	39.4834915	73.5851920	4563.5
121	89.1	89.1	89.1	1623,467,16,15	522.6	39.4834900	73.5851911	4563.5
122	34.0	32.0	36.0	85,327,28,16	519.5	39.4834898	73.5851926	4563.5
123	8.0	8.0	12.0	281,647,24,8	517.3	39.4834882	73.5851945	4563.6
124	13.0	13.0	19.0	561,0,16,29	517.1	39.4834867	73.5851941	4563.5
125	75.1	75.1	79.1	0,9,13,18	516.9	39.4834858	73.5851922	4563.5
126	103.1	101.1	103.1	651,0,22,9	515.5	39.4834915	73.5851920	4563.6
127	51.1	46.0	55.1	117,462,14,18	513.5	39.4834884	73.5851937	4563.5
128	26.0	25.0	27.0	0,155,15,18	511.3	39.4834906	73.5851926	4563.5
129	73.1	71.1	80.1	281,361,14,14	511.2	39.4834868	73.5851916	4563.6
130	4.0	0.0	4.0	65,547,16,14	510.7	39.4834884	73.5851947	4563.5
131	106.1	103.1	106.1	75,1035,22,17	510.5	39.4834921	73.5851921	4563.6
132	20.0	18.0	20.0	225,9,16,16	502.1	39.4834881	73.5851939	4563.5
133	67.1	67.1	67.1	299,139,22,16	500.2	39.4834880	73.5851917	4563.5
134	104.1	104.1	106.1	617,757,16,12	491.9	39.4834914	73.5851920	4563.5
135	94.1	93.1	98.1	34,800,21,13	486.5	39.4834920	73.5851909	4563.6
136	24.0	24.0	27.0	129,211,26,10	485.9	39.4834902	73.5851934	4563.5
137	91.1	91.1	91.1	363,279,15,10	483.5	39.4834906	73.5851908	4563.5
138	27.0	24.0	27.0	53,521,8,22	481.9	39.4834908	73.5851928	4563.5
139	56.1	53.1	56.1	0,1065,15,15	476.8	39.4834871	73.5851941	4563.5
140	89.1	89.1	89.1	149,197,14,20	476.1	39.4834900	73.5851911	4563.5
141	58.1	58.1	59.1	257,985,14,22	475.3	39.4834871	73.5851940	4563.6
142	73.1	73.1	80.1	235,21,16,19	470.6	39.4834868	73.5851916	4563.6
143	74.1	72.1	76.1	427,573,11,18	468.0	39.4834863	73.5851919	4563.6
144	74.1	70.1	78.1	939,489,16,15	467.1	39.4834863	73.5851919	4563.6
145	99.1	96.1	99.1	97,934,24,7	461.6	39.4834915	73.5851920	4563.5
146	29.0	29.0	33.0	1883,225,10,30	461.2	39.4834907	73.5851928	4563.6
147	60.1	57.1	60.1	161,169,14,12	457.7	39.4834875	73.5851936	4563.6
148	20.0	20.0	20.0	223,71,14,18	456.3	39.4834881	73.5851939	4563.5
149	54.1	46.0	55.1	92,724,13,14	455.5	39.4834875	73.5851940	4563.5
150	2.0	0.0	2.0	1703,193,26,12	454.1	39.4834879	73.5851948	4563.5
151	79.1	79.1	79.1	161,21,21,12	453.7	39.4834861	73.5851921	4563.6
152	28.0	24.0	28.0	201,1005,12,12	448.7	39.4834910	73.5851928	4563.5
153	3.0	0.0	9.0	357,745,8,25	443.5	39.4834884	73.5851946	4563.5
154	23.0	23.0	23.0	17,603,8,22	443.2	39.4834899	73.5851933	4563.5
155	28.0	28.0	28.0	933,101,14,18	440.7	39.4834910	73.5851928	4563.5
156	37.0	37.0	38.0	243,33,11,16	440.2	39.4834884	73.5851928	4563.5
157	30.0	30.0	33.0	853,575,28,8	436.8	39.4834902	73.5851924	4563.6
158	63.1	63.1	64.1	26,135,16,10	436.5	39.4834875	73.5851923	4563.5
159	96.1	95.1	97.1	1107,425,12,16	435.9	39.4834915	73.5851911	4563.5
160	88.1	88.1	88.1	505,1007,12,26	431.1	39.4834900	73.5851917	4563.5
161	26.0	22.0	26.0	289,993,24,12	430.7	39.4834906	73.5851926	4563.5
162	93.1	93.1	93.1	42,897,11,18	428.1	39.4834917	73.5851909	4563.6
163	90.1	88.1	90.1	1203,129,14,16	427.7	39.4834902	73.5851908	4563.5
164	60.1	60.1	63.1	273,49,12,14	425.7	39.4834875	73.5851936	4563.6
165	92.1	92.1	92.1	1585,65,20,16	424.1	39.4834913	73.5851908	4563.6
166	34.0	29.0	35.0	0,298,11,13	424.0	39.4834898	73.5851926	4563.5
167	27.0	27.0	28.0	119,54,18,15	423.5	39.4834908	73.5851928	4563.5
168	103.1	99.1	103.1	601,1041,12,11	422.3	39.4834915	73.5851920	4563.6
169	3.0	3.0	4.0	147,708,14,13	416.3	39.4834884	73.5851946	4563.5
170	61.1	61.1	71.1	439,147,26,10	416.0	39.4834876	73.5851930	4563.5
171	89.1	89.1	89.1	213,314,12,12	415.2	39.4834900	73.5851911	4563.5
172	56.1	56.1	56.1	570,209,14,16	414.9	39.4834871	73.5851941	4563.5
173	18.0	15.0	18.0	103,837,24,12	413.8	39.4834867	73.5851941	4563.5
174	77.1	75.1	77.1	145,481,16,9	413.0	39.4834855	73.5851921	4563.6
175	17.0	17.0	17.0	1764,419,15,14	412.8	39.4834865	73.5851942	4563.5
176	101.1	100.1	103.1	1667,947,12,13	411.8	39.4834916	73.5851920	4563.6
177	24.0	24.0	28.0	155,561,14,14	411.1	39.4834902	73.5851934	4563.5
178	12.0	11.0	12.0	61,913,16,13	408.7	39.4834870	73.5851942	4563.5
179	23.0	23.0	23.0	915,43,16,13	408.3	39.4834899	73.5851933	4563.5
180	31.0	31.0	35.0	873,468,22,21	407.8	39.4834898	73.5851924	4563.5
181	36.0	36.0	36.0	275,23,11,11	407.0	39.4834888	73.5851927	4563.6
182	85.1	83.1	87.1	47,633,10,16	406.1	39.4834901	73.5851914	4563.6
183	79.1	79.1	79.1	835,75,19,12	405.6	39.4834861	73.5851921	4563.6
184	59.1	59.1	60.1	131,469,19,18	405.1	39.4834872	73.5851939	4563.6
185	20.0	19.0	20.0	361,193,16,37	400.5	39.4834881	73.5851939	4563.5
186	69.1	67.1	78.1	685,97,12,12	399.8	39.4834882	73.5851915	4563.5
187	47.0	42.0	52.1	1113,615,14,14	397.6	39.4834868	73.5851938	4563.6
188	5.0	5.0	7.0	319,557,14,40	396.0	39.4834883	73.5851946	4563.5
189	64.1	63.1	64.1	187,147,14,14	393.9	39.4834878	73.5851924	4563.6
190	36.0	36.0	37.0	17,239,22,10	393.3	39.4834888	73.5851927	4563.6
191	105.1	105.1	106.1	107,484,22,9	392.1	39.4834915	73.5851921	4563.5
192	27.0	23.0	27.0	465,873,20,12	390.8	39.4834908	73.5851928	4563.5
193	2.0	0.0	2.0	1137,90,16,19	385.4	39.4834879	73.5851948	4563.5
194	5.0	5.0	5.0	1139,36,25,11	384.3	39.4834883	73.5851946	4563.5
195	26.0	26.0	26.0	275,933,12,12	381.4	39.4834906	73.5851926	4563.5
196	24.0	24.0	24.0	325,681,11,14	380.1	39.4834902	73.5851934	4563.5
197	16.0	12.0	17.0	111,773,16,12	376.9	39.4834865	73.5851944	4563.5
198	93.1	93.1	93.1	215,1050,10,17	376.9	39.4834917	73.5851909	4563.6
199	92.1	92.1	92.1	245,241,12,10	373.9	39.4834913	73.5851908	4563.6
200	18.0	13.0	18.0	65,711,16,10	373.1	39.4834867	73.5851941	4563.5
201	100.1	99.1	103.1	409,1071,16,9	371.7	39.4834916	73.5851921	4563.5
202	5.0	5.0	6.0	1849,849,18,10	368.6	39.4834883	73.5851946	4563.5
203	27.0	27.0	28.0	1521,0,15,11	368.4	39.4834908	73.5851928	4563.5
204	92.1	92.1	92.1	261,165,20,14	365.0	39.4834913	73.5851908	4563.6
205	59.1	59.1	59.1	137,945,10,18	363.4	39.4834872	73.5851939	4563.6
206	20.0	20.0	20.0	1809,71,16,6	362.9	39.4834881	73.5851939	4563.5
207	10.0	10.0	17.0	763,721,11,20	361.4	39.4834875	73.5851943	4563.5
208	11.0	11.0	16.0	359,0,11,14	360.2	39.4834874	73.5851942	4563.5
209	25.0	25.0	25.0	1361,132,20,7	360.0	39.4834903	73.5851930	4563.5
210	93.1	93.1	98.1	63,529,16,12	359.1	39.4834917	73.5851909	4563.6
211	58.1	51.1	60.1	304,605,21,20	357.9	39.4834871	73.5851940	4563.6
212	26.0	25.0	26.0	457,130,8,21	355.2	39.4834906	73.5851926	4563.5
213	36.0	36.0	42.0	633,97,23,8	355.2	39.4834888	73.5851927	4563.6
214	6.0	6.0	6.0	551,407,18,26	354.4	39.4834883	73.5851946	4563.5
215	60.1	60.1	62.1	215,0,24,13	353.8	39.4834875	73.5851936	4563.6
216	52.1	52.1	56.1	465,39,14,20	353.4	39.4834880	73.5851937	4563.5
217	66.1	66.1	73.1	1203,48,30,9	352.8	39.4834880	73.5851916	4563.6
218	25.0	25.0	25.0	1539,216,24,9	351.7	39.4834903	73.5851930	4563.5
219	2.0	2.0	2.0	1777,99,22,14	351.6	39.4834879	73.5851948	4563.5
220	91.1	88.1	91.1	27,701,6,19	350.1	39.4834906	73.5851908	4563.5
221	93.1	93.1	98.1	587,0,18,7	349.3	39.4834917	73.5851909	4563.6
222	64.1	64.1	69.1	1417,83,23,4	348.7	39.4834878	73.5851924	4563.6
223	63.1	60.1	63.1	741,644,11,21	346.8	39.4834875	73.5851923	4563.5
224	64.1	64.1	64.1	59,7,16,10	345.6	39.4834878	73.5851924	4563.6
225	52.1	50.1	52.1	411,291,18,10	345.4	39.4834880	73.5851937	4563.5
226	4.0	4.0	4.0	1091,13,29,6	344.0	39.4834884	73.5851947	4563.5
227	18.0	18.0	18.0	229,515,12,14	343.1	39.4834867	73.5851941	4563.5
228	14.0	13.0	14.0	105,997,4,22	341.7	39.4834866	73.5851942	4563.5
229	88.1	88.1	88.1	103,631,8,16	340.0	39.4834900	73.5851917	4563.5
230	18.0	18.0	18.0	125,773,8,12	337.0	39.4834867	73.5851941	4563.5
231	6.0	6.0	6.0	553,517,8,20	334.1	39.4834883	73.5851946	4563.5
232	6.0	6.0	6.0	793,73,24,8	332.6	39.4834883	73.5851946	4563.5
233	9.0	9.0	10.0	65,576,8,15	332.4	39.4834879	73.5851944	4563.5
234	60.1	60.1	64.1	784,39,17,14	329.7	39.4834875	73.5851936	4563.6
235	29.0	23.0	29.0	867,945,13,11	329.1	39.4834907	73.5851928	4563.6
236	90.1	88.1	91.1	129,47,16,13	326.2	39.4834902	73.5851908	4563.5
237	36.0	36.0	36.0	1809,17,17,6	325.4	39.4834888	73.5851927	4563.6
238	5.0	5.0	5.0	721,101,18,12	323.4	39.4834883	73.5851946	4563.5
239	78.1	78.1	78.1	161,1065,6,15	323.3	39.4834857	73.5851921	4563.6
240	78.1	73.1	83.1	609,665,16,16	322.4	39.4834857	73.5851921	4563.6
241	26.0	23.0	26.0	343,505,10,16	321.8	39.4834906	73.5851926	4563.5
242	80.1	77.1	83.1	1611,835,8,14	321.4	39.4834869	73.5851922	4563.6
243	6.0	6.0	6.0	1137,57,22,8	320.9	39.4834883	73.5851946	4563.5
244	88.1	87.1	88.1	101,827,6,20	320.6	39.4834900	73.5851917	4563.5
245	92.1	92.1	92.1	1115,225,14,14	320.6	39.4834913	73.5851908	4563.6
246	93.1	93.1	93.1	193,565,14,17	320.6	39.4834917	73.5851909	4563.6
247	88.1	88.1	88.1	1327,39,20,6	320.2	39.4834900	73.5851917	4563.5
248	48.0	44.0	53.1	269,575,12,14	318.5	39.4834874	73.5851938	4563.6
249	27.0	27.0	27.0	721,103,16,10	317.0	39.4834908	73.5851928	4563.5
250	12.0	7.0	12.0	122,453,13,9	314.7	39.4834870	73.5851942	4563.5
251	17.0	17.0	19.0	551,0,17,9	314.7	39.4834865	73.5851942	4563.5
252	78.1	78.1	80.1	293,172,13,19	309.3	39.4834857	73.5851921	4563.6
253	12.0	12.0	12.0	509,329,12,7	309.1	39.4834870	73.5851942	4563.5
254	89.1	89.1	89.1	231,527,10,19	308.8	39.4834900	73.5851911	4563.5
255	106.1	106.1	106.1	1809,549,10,12	308.7	39.4834921	73.5851921	4563.6
256	4.0	4.0	4.0	1899,107,13,14	308.5	39.4834884	73.5851947	4563.5
257	102.1	100.1	105.1	961,13,11,10	307.9	39.4834916	73.5851920	4563.6
258	5.0	5.0	5.0	1891,235,22,6	307.6	39.4834883	73.5851946	4563.5
259	0.0	0.0	1.0	39,87,17,11	307.5	39.4834871	73.5851948	4563.6
260	19.0	19.0	22.0	793,25,22,12	306.4	39.4834874	73.5851940	4563.5
261	91.1	89.1	91.1	51,905,9,14	305.3	39.4834906	73.5851908	4563.5
262	6.0	5.0	6.0	1337,49,16,6	304.0	39.4834883	73.5851946	4563.5
263	79.1	72.1	79.1	282,853,11,10	302.1	39.4834861	73.5851921	4563.6
264	49.0	45.0	49.0	73,421,8,12	301.9	39.4834879	73.5851937	4563.6
265	89.1	89.1	89.1	257,587,12,10	301.8	39.4834900	73.5851911	4563.5
266	61.1	59.1	62.1	269,999,17,10	301.3	39.4834876	73.5851930	4563.5
267	91.1	91.1	91.1	887,865,10,16	300.9	39.4834906	73.5851908	4563.5
268	60.1	58.1	60.1	1533,115,20,10	300.8	39.4834875	73.5851936	4563.6
269	77.1	77.1	77.1	891,633,14,16	299.8	39.4834855	73.5851921	4563.6
270	90.1	90.1	91.1	331,521,12,12	299.0	39.4834902	73.5851908	4563.5
271	0.0	0.0	1.0	1865,1015,18,14	298.3	39.4834871	73.5851948	4563.6
272	105.1	105.1	105.1	857,393,13,14	297.2	39.4834915	73.5851921	4563.5
273	105.1	105.1	106.1	1907,1035,13,8	296.4	39.4834915	73.5851921	4563.5
274	67.1	67.1	68.1	387,9,12,8	294.4	39.4834880	73.5851917	4563.5
275	68.1	68.1	72.1	911,603,18,6	294.4	39.4834880	73.5851913	4563.5
276	99.1	99.1	99.1	1873,59,16,6	293.8	39.4834915	73.5851920	4563.5
277	28.0	28.0	28.0	0,0,9,10	293.7	39.4834910	73.5851928	4563.5
278	79.1	75.1	82.1	563,455,10,10	293.5	39.4834861	73.5851921	4563.6
279	48.0	48.0	48.0	537,405,18,6	293.1	39.4834874	73.5851938	4563.6
280	6.0	5.0	6.0	261,675,8,14	292.4	39.4834883	73.5851946	4563.5
281	91.1	91.1	91.1	1289,0,10,9	290.8	39.4834906	73.5851908	4563.5
282	67.1	66.1	71.1	179,595,12,12	289.8	39.4834880	73.5851917	4563.5
283	66.1	61.1	69.1	915,411,20,6	288.7	39.4834880	73.5851916	4563.6
284	24.0	24.0	24.0	541,113,26,10	288.5	39.4834902	73.5851934	4563.5
285	73.1	73.1	73.1	1839,144,7,17	288.3	39.4834868	73.5851916	4563.6
286	92.1	92.1	92.1	357,61,8,18	287.1	39.4834913	73.5851908	4563.6
287	58.1	58.1	59.1	999,9,22,10	285.3	39.4834871	73.5851940	4563.6
288	2.0	0.0	4.0	197,17,12,8	285.0	39.4834879	73.5851948	4563.5
289	103.1	100.1	103.1	1242,355,10,19	284.0	39.4834915	73.5851920	4563.6
290	44.0	44.0	44.0	625,675,8,10	283.4	39.4834853	73.5851937	4563.6
291	60.1	60.1	60.1	1699,0,12,7	283.1	39.4834875	73.5851936	4563.6
292	4.0	0.0	4.0	367,449,16,6	281.2	39.4834884	73.5851947	4563.5
293	63.1	62.1	64.1	139,839,18,10	281.2	39.4834875	73.5851923	4563.5
294	26.0	26.0	26.0	445,721,8,12	280.8	39.4834906	73.5851926	4563.5
295	18.0	18.0	18.0	1420,533,11,12	280.7	39.4834867	73.5851941	4563.5
296	23.0	23.0	23.0	355,875,10,16	280.7	39.4834899	73.5851933	4563.5
297	90.1	90.1	90.1	1739,17,19,10	278.9	39.4834902	73.5851908	4563.5
298	4.0	1.0	4.0	155,965,10,16	278.4	39.4834884	73.5851947	4563.5
299	33.0	33.0	37.0	150,67,8,14	277.4	39.4834897	73.5851925	4563.5
300	26.0	24.0	26.0	259,637,10,10	276.9	39.4834906	73.5851926	4563.5
301	93.1	93.1	93.1	33,835,8,11	276.3	39.4834917	73.5851909	4563.6
302	95.1	93.1	97.1	23,758,9,10	273.5	39.4834917	73.5851909	4563.6
303	93.1	93.1	93.1	65,1017,12,8	272.9	39.4834917	73.5851909	4563.6
304	20.0	20.0	20.0	1852,155,13,6	272.6	39.4834881	73.5851939	4563.5
305	26.0	26.0	27.0	807,40,12,9	272.6	39.4834906	73.5851926	4563.5
306	58.1	58.1	58.1	249,385,14,8	272.5	39.4834871	73.5851940	4563.6
307	93.1	93.1	93.1	1841,0,24,3	269.4	39.4834917	73.5851909	4563.6
308	88.1	88.1	88.1	1826,715,13,6	268.7	39.4834900	73.5851917	4563.5
309	91.1	91.1	91.1	177,995,12,12	268.0	39.4834906	73.5851908	4563.5
310	24.0	24.0	24.0	1009,3,16,6	267.3	39.4834902	73.5851934	4563.5
311	58.1	58.1	59.1	457,593,8,22	264.3	39.4834871	73.5851940	4563.6
312	14.0	14.0	15.0	865,67,18,8	262.1	39.4834866	73.5851942	4563.5
313	41.0	38.0	41.0	37,902,24,5	261.8	39.4834869	73.5851933	4563.5
314	53.1	53.1	53.1	229,47,11,9	260.9	39.4834877	73.5851937	4563.5
315	5.0	5.0	5.0	1889,653,10,18	260.8	39.4834883	73.5851946	4563.5
316	51.1	47.0	55.1	109,302,9,11	260.8	39.4834884	73.5851937	4563.5
317	9.0	9.0	10.0	599,784,19,7	260.5	39.4834879	73.5851944	4563.5
318	91.1	91.1	94.1	154,9,9,12	260.3	39.4834906	73.5851908	4563.5
319	47.0	47.0	48.0	981,797,8,16	260.1	39.4834868	73.5851938	4563.6
320	73.1	73.1	73.1	913,27,15,6	259.7	39.4834868	73.5851916	4563.6
321	5.0	5.0	5.0	883,16,18,13	259.4	39.4834883	73.5851946	4563.5
322	90.1	90.1	90.1	0,203,12,9	258.6	39.4834902	73.5851908	4563.5
323	105.1	104.1	106.1	601,505,8,12	257.7	39.4834915	73.5851921	4563.5
324	2.0	0.0	3.0	361,16,14,13	256.9	39.4834879	73.5851948	4563.5
325	37.0	37.0	38.0	533,615,12,14	256.4	39.4834884	73.5851928	4563.5
326	63.1	63.1	63.1	21,296,12,9	256.1	39.4834875	73.5851923	4563.5
327	79.1	73.1	79.1	23,937,10,8	255.8	39.4834861	73.5851921	4563.6
328	67.1	65.1	69.1	43,321,12,7	255.4	39.4834880	73.5851917	4563.5
329	6.0	6.0	6.0	1543,167,16,6	255.2	39.4834883	73.5851946	4563.5
330	4.0	0.0	4.0	321,353,12,12	253.2	39.4834884	73.5851947	4563.5
331	93.1	93.1	99.1	555,89,20,10	251.9	39.4834917	73.5851909	4563.6
332	28.0	28.0	28.0	230,0,11,9	251.3	39.4834910	73.5851928	4563.5
333	93.1	93.1	93.1	1141,329,12,6	250.3	39.4834917	73.5851909	4563.6
334	29.0	29.0	29.0	129,139,12,14	250.2	39.4834907	73.5851928	4563.6
335	88.1	88.1	88.1	113,1015,8,10	249.6	39.4834900	73.5851917	4563.5
336	21.0	21.0	21.0	113,84,12,15	249.4	39.4834887	73.5851935	4563.5
337	100.1	100.1	100.1	1739,835,20,20	248.0	39.4834916	73.5851921	4563.5
338	90.1	90.1	90.1	1729,513,16,7	247.4	39.4834902	73.5851908	4563.5
339	1.0	1.0	1.0	869,25,8,8	247.2	39.4834876	73.5851948	4563.6
340	16.0	16.0	16.0	283,39,16,10	246.7	39.4834865	73.5851944	4563.5
341	1.0	1.0	1.0	1241,267,8,20	246.5	39.4834876	73.5851948	4563.6
342	6.0	6.0	9.0	147,913,8,14	246.3	39.4834883	73.5851946	4563.5
343	28.0	28.0	28.0	39,513,10,16	245.4	39.4834910	73.5851928	4563.5
344	27.0	27.0	27.0	385,1037,12,8	244.1	39.4834908	73.5851928	4563.5
345	95.1	94.1	98.1	251,493,10,26	243.7	39.4834917	73.5851909	4563.6
346	9.0	7.0	12.0	264,89,7,13	243.3	39.4834879	73.5851944	4563.5
347	76.1	76.1	76.1	99,930,12,7	243.1	39.4834854	73.5851921	4563.5
348	36.0	36.0	38.0	201,11,8,14	241.3	39.4834888	73.5851927	4563.6
349	106.1	102.1	106.1	800,881,15,5	241.2	39.4834921	73.5851921	4563.6
350	92.1	92.1	92.1	1217,233,8,10	239.5	39.4834913	73.5851908	4563.6
351	22.0	22.0	22.0	133,369,8,10	239.4	39.4834892	73.5851932	4563.6
352	103.1	103.1	106.1	611,559,12,8	239.0	39.4834915	73.5851920	4563.6
353	9.0	9.0	9.0	409,169,13,6	238.3	39.4834879	73.5851944	4563.5
354	27.0	27.0	32.0	1194,5,13,12	237.9	39.4834908	73.5851928	4563.5
355	58.1	57.1	58.1	481,427,6,16	237.8	39.4834871	73.5851940	4563.6
356	6.0	6.0	6.0	1061,91,18,10	237.6	39.4834883	73.5851946	4563.5
357	91.1	91.1	91.1	362,373,7,12	236.8	39.4834906	73.5851908	4563.5
358	71.1	69.1	71.1	511,979,15,7	236.6	39.4834879	73.5851915	4563.5
359	90.1	90.1	90.1	103,533,10,8	236.4	39.4834902	73.5851908	4563.5
360	18.0	18.0	22.0	873,17,20,8	235.7	39.4834867	73.5851941	4563.5
361	63.1	59.1	66.1	293,553,8,8	235.3	39.4834875	73.5851923	4563.5
362	29.0	29.0	29.0	55,353,9,16	235.1	39.4834907	73.5851928	4563.6
363	21.0	21.0	21.0	1617,0,7,11	234.6	39.4834887	73.5851935	4563.5
364	25.0	25.0	25.0	1081,185,8,8	234.5	39.4834903	73.5851930	4563.5
365	90.1	90.1	90.1	1757,98,8,10	233.3	39.4834902	73.5851908	4563.5
366	54.1	54.1	55.1	63,686,11,8	231.8	39.4834875	73.5851940	4563.5
367	104.1	104.1	106.1	0,895,9,8	231.4	39.4834914	73.5851920	4563.5
368	97.1	97.1	97.1	17,28,6,13	231.3	39.4834914	73.5851917	4563.5
369	58.1	56.1	58.1	137,327,14,6	229.9	39.4834871	73.5851940	4563.6
370	24.0	24.0	24.0	207,0,10,9	229.6	39.4834902	73.5851934	4563.5
371	29.0	27.0	29.0	825,423,8,10	229.4	39.4834907	73.5851928	4563.6
372	88.1	88.1	88.1	33,735,10,10	229.2	39.4834900	73.5851917	4563.5
373	13.0	13.0	13.0	641,147,14,12	229.1	39.4834867	73.5851941	4563.5
374	30.0	30.0	30.0	0,717,6,12	229.0	39.4834902	73.5851924	4563.6
375	88.1	88.1	88.1	164,705,11,14	228.7	39.4834900	73.5851917	4563.5
376	22.0	22.0	22.0	873,183,20,10	228.4	39.4834892	73.5851932	4563.6
377	24.0	24.0	24.0	853,227,12,6	228.4	39.4834902	73.5851934	4563.5
378	61.1	60.1	61.1	890,101,17,8	228.3	39.4834876	73.5851930	4563.5
379	19.0	19.0	19.0	81,47,8,10	227.8	39.4834874	73.5851940	4563.5
380	27.0	27.0	27.0	803,147,11,8	227.6	39.4834908	73.5851928	4563.5
381	23.0	23.0	23.0	265,237,6,12	227.5	39.4834899	73.5851933	4563.5
382	66.1	66.1	66.1	163,443,12,7	226.8	39.4834880	73.5851916	4563.6
383	59.1	59.1	62.1	329,739,6,18	226.6	39.4834872	73.5851939	4563.6
384	58.1	57.1	61.1	87,171,10,10	225.9	39.4834871	73.5851940	4563.6
385	8.0	8.0	11.0	75,122,12,13	225.3	39.4834882	73.5851945	4563.6
386	51.1	51.1	61.1	487,177,10,8	223.8	39.4834884	73.5851937	4563.5
387	40.0	37.0	44.0	485,451,10,14	223.7	39.4834874	73.5851933	4563.5
388	3.0	3.0	3.0	299,833,6,14	223.3	39.4834884	73.5851946	4563.5
389	68.1	64.1	71.1	136,381,9,10	222.6	39.4834880	73.5851913	4563.5
390	72.1	72.1	73.1	626,707,11,8	222.4	39.4834874	73.5851915	4563.6
391	92.1	92.1	92.1	747,15,14,10	221.9	39.4834913	73.5851908	4563.6
392	89.1	89.1	89.1	1190,199,9,14	221.3	39.4834900	73.5851911	4563.5
393	56.1	56.1	56.1	79,469,11,12	221.2	39.4834871	73.5851941	4563.5
394	23.0	23.0	23.0	119,955,10,10	220.4	39.4834899	73.5851933	4563.5
395	30.0	30.0	30.0	3,1066,6,14	220.3	39.4834902	73.5851924	4563.6
396	22.0	22.0	22.0	1705,135,23,6	220.1	39.4834892	73.5851932	4563.6
397	90.1	90.1	90.1	1782,849,11,6	219.8	39.4834902	73.5851908	4563.5
398	22.0	22.0	22.0	578,0,15,6	219.7	39.4834892	73.5851932	4563.6
399	51.1	51.1	53.1	410,437,12,11	219.4	39.4834884	73.5851937	4563.5
400	28.0	28.0	28.0	1837,903,11,10	218.6	39.4834910	73.5851928	4563.5
401	89.1	89.1	89.1	417,101,8,8	218.6	39.4834900	73.5851911	4563.5
402	88.1	88.1	88.1	366,46,11,11	218.2	39.4834900	73.5851917	4563.5
403	63.1	62.1	65.1	1245,109,12,14	217.3	39.4834875	73.5851923	4563.5
404	89.1	89.1	89.1	1260,215,27,10	217.0	39.4834900	73.5851911	4563.5
405	2.0	2.0	2.0	1771,717,6,18	216.9	39.4834879	73.5851948	4563.5
406	92.1	92.1	92.1	341,233,8,8	215.9	39.4834913	73.5851908	4563.6
407	58.1	58.1	63.1	753,365,14,12	215.7	39.4834871	73.5851940	4563.6
408	80.1	77.1	87.1	1465,901,8,10	214.8	39.4834869	73.5851922	4563.6
409	42.0	42.0	44.0	195,779,12,11	214.6	39.4834863	73.5851937	4563.6
410	79.1	79.1	80.1	1583,156,18,5	214.6	39.4834861	73.5851921	4563.6
411	9.0	8.0	10.0	309,965,8,14	213.8	39.4834879	73.5851944	4563.5
412	29.0	29.0	31.0	1787,625,4,14	213.8	39.4834907	73.5851928	4563.6
413	28.0	28.0	28.0	101,179,8,12	213.7	39.4834910	73.5851928	4563.5
414	54.1	54.1	54.1	313,455,12,6	213.4	39.4834875	73.5851940	4563.5
415	29.0	29.0	29.0	113,719,4,16	213.1	39.4834907	73.5851928	4563.6
416	23.0	23.0	23.0	257,533,8,8	213.0	39.4834899	73.5851933	4563.5
417	91.1	91.1	91.1	792,953,9,8	213.0	39.4834906	73.5851908	4563.5
418	92.1	92.1	92.1	35,225,12,10	212.9	39.4834913	73.5851908	4563.6
419	58.1	58.1	58.1	705,219,10,14	212.4	39.4834871	73.5851940	4563.6
420	90.1	90.1	90.1	465,17,8,8	212.3	39.4834902	73.5851908	4563.5
421	29.0	29.0	29.0	0,797,7,10	211.4	39.4834907	73.5851928	4563.6
422	20.0	20.0	20.0	1713,57,14,4	210.2	39.4834881	73.5851939	4563.5
423	22.0	22.0	22.0	465,121,14,8	210.2	39.4834892	73.5851932	4563.6
424	36.0	35.0	37.0	145,243,9,8	209.4	39.4834888	73.5851927	4563.6
425	59.1	59.1	59.1	395,1053,9,10	209.0	39.4834872	73.5851939	4563.6
426	21.0	21.0	21.0	339,631,23,10	208.7	39.4834887	73.5851935	4563.5
427	38.0	34.0	42.0	401,541,16,8	207.2	39.4834882	73.5851933	4563.5
428	23.0	23.0	23.0	1349,46,10,7	206.8	39.4834899	73.5851933	4563.5
429	0.0	0.0	0.0	1753,635,16,8	206.6	39.4834871	73.5851948	4563.6
430	28.0	28.0	28.0	5,287,8,10	206.2	39.4834910	73.5851928	4563.5
431	63.1	63.1	63.1	79,981,10,9	205.9	39.4834875	73.5851923	4563.5
432	59.1	59.1	59.1	483,594,7,13	205.5	39.4834872	73.5851939	4563.6
433	88.1	88.1	88.1	517,386,12,11	204.7	39.4834900	73.5851917	4563.5
434	86.1	85.1	86.1	439,509,6,18	204.5	39.4834903	73.5851917	4563.6
435	93.1	93.1	93.1	169,1064,6,16	204.5	39.4834917	73.5851909	4563.6
436	93.1	93.1	97.1	205,387,10,13	204.4	39.4834917	73.5851909	4563.6
437	51.1	51.1	51.1	21,1054,12,11	204.2	39.4834884	73.5851937	4563.5
438	27.0	27.0	27.0	9,475,4,14	203.8	39.4834908	73.5851928	4563.5
439	93.1	93.1	95.1	379,529,4,16	203.6	39.4834917	73.5851909	4563.6
440	23.0	23.0	23.0	17,61,10,8	203.5	39.4834899	73.5851933	4563.5
441	24.0	24.0	24.0	0,387,15,12	203.5	39.4834902	73.5851934	4563.5
442	90.1	90.1	90.1	1367,81,14,8	203.4	39.4834902	73.5851908	4563.5
443	92.1	92.1	92.1	439,641,11,10	203.2	39.4834913	73.5851908	4563.6
444	105.1	105.1	106.1	617,913,24,12	202.4	39.4834915	73.5851921	4563.5
445	16.0	16.0	19.0	1859,579,6,14	201.9	39.4834865	73.5851944	4563.5
446	29.0	29.0	29.0	1905,325,6,12	201.8	39.4834907	73.5851928	4563.6
447	2.0	2.0	2.0	365,97,14,8	201.6	39.4834879	73.5851948	4563.5
448	93.1	93.1	94.1	27,705,8,14	201.2	39.4834917	73.5851909	4563.6
449	93.1	93.1	93.1	33,90,10,13	201.1	39.4834917	73.5851909	4563.6
450	54.1	54.1	54.1	1656,171,15,4	200.3	39.4834875	73.5851940	4563.5
451	3.0	3.0	3.0	1703,18,18,5	199.8	39.4834884	73.5851946	4563.5
452	30.0	30.0	30.0	0,897,5,14	199.2	39.4834902	73.5851924	4563.6
453	25.0	24.0	25.0	1337,39,13,6	199.1	39.4834903	73.5851930	4563.5
454	89.1	89.1	89.1	33,257,8,10	199.0	39.4834900	73.5851911	4563.5
455	91.1	91.1	91.1	1142,423,8,10	198.5	39.4834906	73.5851908	4563.5
456	2.0	2.0	2.0	1907,879,4,14	197.5	39.4834879	73.5851948	4563.5
457	93.1	93.1	93.1	291,646,10,12	196.8	39.4834917	73.5851909	4563.6
458	90.1	90.1	90.1	1573,1001,12,6	196.6	39.4834902	73.5851908	4563.5
459	90.1	90.1	90.1	1760,457,12,8	196.4	39.4834902	73.5851908	4563.5
460	32.0	32.0	33.0	1785,13,22,8	196.2	39.4834896	73.5851924	4563.5
461	28.0	28.0	28.0	17,1050,6,17	195.4	39.4834910	73.5851928	4563.5
462	105.1	105.1	105.1	1713,315,14,4	195.2	39.4834915	73.5851921	4563.5
463	87.1	84.1	87.1	416,713,5,12	195.0	39.4834900	73.5851919	4563.5
464	94.1	91.1	94.1	1335,193,8,6	194.2	39.4834920	73.5851909	4563.6
465	51.1	51.1	51.1	749,891,12,12	193.9	39.4834884	73.5851937	4563.5
466	78.1	78.1	82.1	1436,89,12,7	193.9	39.4834857	73.5851921	4563.6
467	23.0	23.0	23.0	5,1026,12,8	193.8	39.4834899	73.5851933	4563.5
468	61.1	61.1	61.1	363,1025,10,8	193.3	39.4834876	73.5851930	4563.5
469	2.0	1.0	2.0	241,643,10,13	192.8	39.4834879	73.5851948	4563.5
470	58.1	58.1	61.1	922,57,17,8	192.8	39.4834871	73.5851940	4563.6
471	38.0	37.0	38.0	29,759,12,6	191.9	39.4834882	73.5851933	4563.5
472	28.0	27.0	31.0	970,208,8,9	191.3	39.4834910	73.5851928	4563.5
473	25.0	25.0	25.0	1850,837,7,8	191.2	39.4834903	73.5851930	4563.5
474	79.1	79.1	80.1	1425,343,6,10	190.4	39.4834861	73.5851921	4563.6
475	90.1	90.1	90.1	305,771,8,6	190.2	39.4834902	73.5851908	4563.5
476	29.0	29.0	29.0	65,559,7,12	189.1	39.4834907	73.5851928	4563.6
477	26.0	26.0	26.0	1851,284,6,13	189.0	39.4834906	73.5851926	4563.5
478	14.0	14.0	15.0	217,33,8,12	188.8	39.4834866	73.5851942	4563.5
479	26.0	26.0	30.0	81,715,10,12	187.9	39.4834906	73.5851926	4563.5
480	32.0	32.0	32.0	1569,87,14,4	187.8	39.4834896	73.5851924	4563.5
481	93.1	93.1	93.1	1861,889,10,6	187.5	39.4834917	73.5851909	4563.6
482	98.1	95.1	101.1	1123,235,12,6	187.1	39.4834915	73.5851919	4563.5
483	28.0	28.0	28.0	79,263,10,8	187.0	39.4834910	73.5851928	4563.5
484	15.0	15.0	15.0	207,649,8,12	186.9	39.4834866	73.5851941	4563.5
485	14.0	12.0	14.0	367,235,11,10	186.6	39.4834866	73.5851942	4563.5
486	20.0	20.0	20.0	249,353,12,6	186.6	39.4834881	73.5851939	4563.5
487	23.0	23.0	23.0	117,63,8,12	185.8	39.4834899	73.5851933	4563.5
488	72.1	68.1	72.1	83,1001,12,6	185.8	39.4834874	73.5851915	4563.6
489	18.0	14.0	18.0	111,609,10,8	185.7	39.4834867	73.5851941	4563.5
490	59.1	57.1	59.1	809,226,14,5	185.6	39.4834872	73.5851939	4563.6
491	90.1	90.1	90.1	1841,385,6,8	185.6	39.4834902	73.5851908	4563.5
492	97.1	94.1	97.1	105,457,8,10	185.6	39.4834914	73.5851917	4563.5
493	19.0	15.0	19.0	56,306,8,10	185.3	39.4834874	73.5851940	4563.5
494	38.0	38.0	38.0	577,775,10,10	185.3	39.4834882	73.5851933	4563.5
495	25.0	25.0	25.0	241,209,14,5	185.2	39.4834903	73.5851930	4563.5
496	28.0	27.0	28.0	1531,107,10,7	184.7	39.4834910	73.5851928	4563.5
497	25.0	25.0	25.0	1723,39,7,8	183.5	39.4834903	73.5851930	4563.5
498	58.1	57.1	58.1	589,263,18,6	182.7	39.4834871	73.5851940	4563.6
499	73.1	73.1	73.1	1897,967,8,11	182.1	39.4834868	73.5851916	4563.6
500	10.0	10.0	10.0	626,561,15,6	181.9	39.4834875	73.5851943	4563.5
501	23.0	23.0	23.0	137,809,4,13	181.9	39.4834899	73.5851933	4563.5
502	37.0	37.0	37.0	1296,943,7,11	181.9	39.4834884	73.5851928	4563.5
503	24.0	24.0	25.0	532,195,15,4	181.5	39.4834902	73.5851934	4563.5
504	42.0	39.0	42.0	1031,723,10,7	181.5	39.4834863	73.5851937	4563.6
505	26.0	26.0	26.0	13,217,8,8	181.3	39.4834906	73.5851926	4563.5
506	52.1	52.1	52.1	394,161,11,14	181.3	39.4834880	73.5851937	4563.5
507	79.1	79.1	87.1	1285,473,8,8	181.3	39.4834861	73.5851921	4563.6
508	69.1	66.1	69.1	323,817,6,10	181.0	39.4834882	73.5851915	4563.5
509	95.1	95.1	95.1	225,103,8,6	181.0	39.4834917	73.5851909	4563.6
510	24.0	24.0	24.0	1835,493,11,7	180.6	39.4834902	73.5851934	4563.5
511	40.0	40.0	40.0	129,161,8,8	180.6	39.4834874	73.5851933	4563.5
512	79.1	79.1	79.1	1209,107,14,6	180.2	39.4834861	73.5851921	4563.6
513	51.1	51.1	53.1	785,13,8,10	179.6	39.4834884	73.5851937	4563.5
514	65.1	65.1	66.1	43,643,14,8	179.4	39.4834879	73.5851921	4563.6
515	30.0	30.0	30.0	147,0,10,8	178.9	39.4834902	73.5851924	4563.6
516	63.1	61.1	65.1	1263,735,8,10	178.1	39.4834875	73.5851923	4563.5
517	104.1	104.1	104.1	481,875,6,15	177.6	39.4834914	73.5851920	4563.5
518	23.0	23.0	23.0	1113,315,12,6	176.8	39.4834899	73.5851933	4563.5
519	17.0	17.0	17.0	1755,266,7,11	176.6	39.4834865	73.5851942	4563.5
520	59.1	59.1	59.1	683,467,12,12	176.4	39.4834872	73.5851939	4563.6
521	92.1	92.1	92.1	419,93,14,8	176.2	39.4834913	73.5851908	4563.6
522	90.1	90.1	90.1	197,823,12,7	175.8	39.4834902	73.5851908	4563.5
523	71.1	71.1	71.1	498,788,5,15	175.4	39.4834879	73.5851915	4563.5
524	99.1	99.1	99.1	273,402,14,7	175.1	39.4834915	73.5851920	4563.5
525	25.0	25.0	25.0	445,105,18,4	174.9	39.4834903	73.5851930	4563.5
526	67.1	67.1	67.1	998,11,11,10	174.9	39.4834880	73.5851917	4563.5
527	77.1	73.1	77.1	1757,813,7,16	174.7	39.4834855	73.5851921	4563.6
528	106.1	100.1	106.1	561,941,6,8	174.0	39.4834921	73.5851921	4563.6
529	9.0	9.0	9.0	1511,34,14,7	173.7	39.4834879	73.5851944	4563.5
530	60.1	60.1	60.1	1339,211,16,6	173.5	39.4834875	73.5851936	4563.6
531	31.0	31.0	33.0	85,393,12,4	173.4	39.4834898	73.5851924	4563.5
532	90.1	90.1	90.1	265,625,8,10	173.1	39.4834902	73.5851908	4563.5
533	92.1	92.1	92.1	89,650,16,7	173.1	39.4834913	73.5851908	4563.6
534	52.1	52.1	52.1	426,581,9,11	173.0	39.4834880	73.5851937	4563.5
535	1.0	1.0	1.0	1276,61,13,8	172.9	39.4834876	73.5851948	4563.6
536	27.0	27.0	31.0	193,129,8,8	172.6	39.4834908	73.5851928	4563.5
537	91.1	91.1	91.1	241,954,10,7	172.0	39.4834906	73.5851908	4563.5
538	89.1	89.1	89.1	377,17,14,6	171.9	39.4834900	73.5851911	4563.5
539	22.0	22.0	22.0	283,497,8,10	171.8	39.4834892	73.5851932	4563.6
540	66.1	66.1	70.1	755,75,12,4	171.3	39.4834880	73.5851916	4563.6
541	15.0	15.0	15.0	601,11,10,6	170.1	39.4834866	73.5851941	4563.5
542	88.1	88.1	88.1	101,945,6,8	169.4	39.4834900	73.5851917	4563.5
543	31.0	28.0	31.0	1500,25,13,4	169.1	39.4834898	73.5851924	4563.5
544	92.1	92.1	95.1	98,562,7,11	169.1	39.4834913	73.5851908	4563.6
545	99.1	99.1	102.1	897,253,8,8	168.3	39.4834915	73.5851920	4563.5
546	91.1	91.1	91.1	1793,257,8,8	168.1	39.4834906	73.5851908	4563.5
547	40.0	40.0	40.0	88,106,9,7	167.8	39.4834874	73.5851933	4563.5
548	18.0	18.0	19.0	761,123,16,6	166.7	39.4834867	73.5851941	4563.5
549	95.1	95.1	99.1	642,775,7,8	166.3	39.4834917	73.5851909	4563.6
550	16.0	16.0	16.0	1025,529,4,14	166.2	39.4834865	73.5851944	4563.5
551	26.0	26.0	26.0	1619,13,6,8	166.2	39.4834906	73.5851926	4563.5
552	89.1	89.1	89.1	1913,213,7,11	166.1	39.4834900	73.5851911	4563.5
553	89.1	89.1	89.1	177,593,8,13	165.1	39.4834900	73.5851911	4563.5
554	50.1	43.0	50.1	345,715,8,6	164.8	39.4834882	73.5851937	4563.5
555	24.0	24.0	24.0	414,1057,7,10	163.7	39.4834902	73.5851934	4563.5
556	18.0	16.0	18.0	809,921,12,8	163.3	39.4834867	73.5851941	4563.5
557	12.0	12.0	12.0	1346,91,13,6	163.1	39.4834870	73.5851942	4563.5
558	71.1	66.1	71.1	1021,453,5,10	163.1	39.4834879	73.5851915	4563.5
559	97.1	95.1	98.1	649,333,8,6	163.1	39.4834914	73.5851917	4563.5
560	65.1	65.1	65.1	931,51,4,12	163.0	39.4834879	73.5851921	4563.6
561	66.1	66.1	66.1	1211,215,6,12	162.4	39.4834880	73.5851916	4563.6
562	99.1	99.1	99.1	1854,217,11,8	161.8	39.4834915	73.5851920	4563.5
563	88.1	88.1	88.1	43,605,6,10	161.7	39.4834900	73.5851917	4563.5
564	23.0	23.0	23.0	295,690,10,7	161.3	39.4834899	73.5851933	4563.5
565	14.0	14.0	14.0	155,715,10,6	160.9	39.4834866	73.5851942	4563.5
566	26.0	26.0	26.0	728,140,11,6	160.5	39.4834906	73.5851926	4563.5
567	38.0	38.0	38.0	0,873,7,8	160.2	39.4834882	73.5851933	4563.5
568	56.1	56.1	60.1	410,153,11,4	160.0	39.4834871	73.5851941	4563.5
569	71.1	71.1	71.1	51,786,12,5	160.0	39.4834879	73.5851915	4563.5
570	57.1	56.1	57.1	129,81,6,8	159.8	39.4834870	73.5851940	4563.5
571	15.0	13.0	20.0	809,163,22,6	159.6	39.4834866	73.5851941	4563.5
572	99.1	99.1	99.1	41,77,8,8	159.5	39.4834915	73.5851920	4563.5
573	88.1	88.1	88.1	1331,659,12,4	158.4	39.4834900	73.5851917	4563.5
574	67.1	67.1	67.1	469,49,6,8	158.2	39.4834880	73.5851917	4563.5
575	80.1	80.1	80.1	693,0,10,7	158.0	39.4834869	73.5851922	4563.6
576	63.1	63.1	63.1	1651,51,12,4	156.7	39.4834875	73.5851923	4563.5
577	65.1	65.1	65.1	1580,124,5,11	156.6	39.4834879	73.5851921	4563.6
578	81.1	81.1	81.1	1699,494,14,7	156.6	39.4834876	73.5851921	4563.5
579	1.0	1.0	1.0	363,412,6,9	156.2	39.4834876	73.5851948	4563.6
580	91.1	91.1	91.1	737,694,8,13	156.2	39.4834906	73.5851908	4563.5
581	24.0	24.0	24.0	1849,81,8,7	156.1	39.4834902	73.5851934	4563.5
582	79.1	79.1	79.1	1909,556,11,7	156.0	39.4834861	73.5851921	4563.6
583	12.0	12.0	12.0	98,751,7,10	155.0	39.4834870	73.5851942	4563.5
584	15.0	15.0	15.0	1745,115,14,4	155.0	39.4834866	73.5851941	4563.5
585	74.1	74.1	75.1	360,359,7,6	154.9	39.4834863	73.5851919	4563.6
586	79.1	79.1	79.1	1547,535,10,6	154.7	39.4834861	73.5851921	4563.6
587	63.1	63.1	63.1	281,5,14,6	154.5	39.4834875	73.5851923	4563.5
588	89.1	89.1	89.1	1567,251,14,6	154.1	39.4834900	73.5851911	4563.5
589	0.0	0.0	0.0	1915,881,5,16	153.9	39.4834871	73.5851948	4563.6
590	10.0	10.0	10.0	131,808,7,8	153.8	39.4834875	73.5851943	4563.5
591	21.0	21.0	21.0	105,407,8,6	153.8	39.4834887	73.5851935	4563.5
592	0.0	0.0	0.0	385,483,8,6	153.7	39.4834871	73.5851948	4563.6
593	34.0	32.0	35.0	55,489,5,8	153.7	39.4834898	73.5851926	4563.5
594	41.0	40.0	42.0	897,167,14,6	153.5	39.4834869	73.5851933	4563.5
595	89.1	89.1	89.1	401,718,13,5	153.3	39.4834900	73.5851911	4563.5
596	62.1	62.1	67.1	995,141,4,15	153.1	39.4834875	73.5851925	4563.5
597	24.0	24.0	24.0	21,23,13,4	153.0	39.4834902	73.5851934	4563.5
598	90.1	90.1	90.1	765,1058,9,6	152.5	39.4834902	73.5851908	4563.5
599	21.0	21.0	21.0	1737,55,8,6	152.3	39.4834887	73.5851935	4563.5
600	33.0	33.0	34.0	297,105,11,6	152.2	39.4834897	73.5851925	4563.5
601	24.0	24.0	24.0	1777,725,8,6	151.3	39.4834902	73.5851934	4563.5
602	89.1	89.1	89.1	1657,49,8,16	151.3	39.4834900	73.5851911	4563.5
603	96.1	96.1	96.1	1203,363,12,4	151.0	39.4834915	73.5851911	4563.5
604	47.0	47.0	47.0	793,1059,14,6	150.8	39.4834868	73.5851938	4563.6
605	11.0	11.0	11.0	1345,518,6,9	150.6	39.4834874	73.5851942	4563.5
606	24.0	24.0	24.0	1697,157,8,8	150.4	39.4834902	73.5851934	4563.5
607	79.1	79.1	79.1	1045,57,6,8	150.4	39.4834861	73.5851921	4563.6
608	90.1	90.1	90.1	81,293,8,10	150.0	39.4834902	73.5851908	4563.5
609	34.0	34.0	35.0	673,34,12,5	149.9	39.4834898	73.5851926	4563.5
610	50.1	50.1	50.1	1629,103,10,6	149.4	39.4834882	73.5851937	4563.5
611	69.1	69.1	71.1	9,737,12,6	149.1	39.4834882	73.5851915	4563.5
612	97.1	94.1	97.1	684,1035,7,6	148.4	39.4834914	73.5851917	4563.5
613	101.1	101.1	101.1	1091,739,4,12	148.2	39.4834916	73.5851920	4563.6
614	81.1	81.1	81.1	51,697,13,6	146.8	39.4834876	73.5851921	4563.5
615	89.1	89.1	89.1	451,257,8,10	146.8	39.4834900	73.5851911	4563.5
616	72.1	72.1	76.1	609,81,8,6	146.5	39.4834874	73.5851915	4563.6
617	45.0	45.0	45.0	482,917,9,6	146.3	39.4834855	73.5851937	4563.5
618	31.0	31.0	31.0	601,346,6,7	146.2	39.4834898	73.5851924	4563.5
619	80.1	80.1	80.1	1297,100,6,9	146.2	39.4834869	73.5851922	4563.6
620	8.0	8.0	8.0	1144,299,9,4	146.1	39.4834882	73.5851945	4563.6
621	37.0	37.0	38.0	1832,611,7,8	146.1	39.4834884	73.5851928	4563.5
622	92.1	92.1	92.1	1433,175,7,10	145.7	39.4834913	73.5851908	4563.6
623	92.1	92.1	92.1	247,541,6,12	145.6	39.4834913	73.5851908	4563.6
624	34.0	34.0	36.0	799,69,16,4	144.8	39.4834898	73.5851926	4563.5
625	14.0	14.0	14.0	687,241,10,6	144.5	39.4834866	73.5851942	4563.5
626	84.1	84.1	86.1	827,237,12,8	144.5	39.4834898	73.5851916	4563.6
627	50.1	50.1	53.1	974,0,9,7	143.8	39.4834882	73.5851937	4563.5
628	64.1	64.1	64.1	1099,527,6,10	143.8	39.4834878	73.5851924	4563.6
629	66.1	66.1	70.1	1129,315,8,8	143.8	39.4834880	73.5851916	4563.6
630	8.0	8.0	8.0	545,145,8,8	143.5	39.4834882	73.5851945	4563.6
631	41.0	41.0	41.0	0,793,7,8	143.4	39.4834869	73.5851933	4563.5
632	72.1	72.1	72.1	233,453,8,6	143.2	39.4834874	73.5851915	4563.6
633	29.0	29.0	29.0	1019,136,6,8	143.1	39.4834907	73.5851928	4563.6
634	23.0	23.0	23.0	861,35,9,5	143.0	39.4834899	73.5851933	4563.5
635	85.1	84.1	85.1	475,101,4,10	143.0	39.4834901	73.5851914	4563.6
636	80.1	80.1	82.1	807,281,6,8	142.7	39.4834869	73.5851922	4563.6
637	21.0	21.0	21.0	1705,0,8,5	142.5	39.4834887	73.5851935	4563.5
638	30.0	30.0	30.0	1811,0,14,3	142.4	39.4834902	73.5851924	4563.6
639	23.0	23.0	23.0	281,213,6,7	142.2	39.4834899	73.5851933	4563.5
640	63.1	63.1	63.1	9,843,8,6	142.0	39.4834875	73.5851923	4563.5
641	12.0	12.0	13.0	641,139,12,6	141.9	39.4834870	73.5851942	4563.5
642	62.1	62.1	62.1	449,0,6,7	141.6	39.4834875	73.5851925	4563.5
643	43.0	43.0	43.0	360,693,9,8	141.5	39.4834858	73.5851937	4563.6
644	56.1	56.1	56.1	97,602,8,7	141.5	39.4834871	73.5851941	4563.5
645	70.1	70.1	70.1	561,645,6,8	141.4	39.4834882	73.5851915	4563.5
646	20.0	20.0	20.0	1881,0,8,5	140.8	39.4834881	73.5851939	4563.5
647	85.1	83.1	86.1	235,969,6,8	140.8	39.4834901	73.5851914	4563.6
648	88.1	88.1	88.1	171,897,4,10	140.4	39.4834900	73.5851917	4563.5
649	29.0	29.0	30.0	331,641,4,10	139.8	39.4834907	73.5851928	4563.6
650	34.0	34.0	35.0	1761,91,10,4	139.3	39.4834898	73.5851926	4563.5
651	78.1	78.1	78.1	17,221,6,8	139.0	39.4834857	73.5851921	4563.6
652	52.1	49.0	52.1	801,533,10,10	138.8	39.4834880	73.5851937	4563.5
653	75.1	75.1	75.1	891,967,5,8	138.7	39.4834858	73.5851922	4563.5
654	12.0	12.0	12.0	0,1029,5,10	138.6	39.4834870	73.5851942	4563.5
655	37.0	37.0	38.0	1089,897,8,8	138.4	39.4834884	73.5851928	4563.5
656	23.0	23.0	23.0	1217,173,14,4	138.3	39.4834899	73.5851933	4563.5
657	45.0	44.0	45.0	379,1073,6,7	138.3	39.4834855	73.5851937	4563.5
658	49.0	49.0	49.0	67,49,7,9	138.3	39.4834879	73.5851937	4563.6
659	80.1	80.1	80.1	907,1028,4,11	138.2	39.4834869	73.5851922	4563.6
660	44.0	43.0	49.0	1083,675,8,14	138.1	39.4834853	73.5851937	4563.6
661	44.0	44.0	44.0	57,851,8,8	137.8	39.4834853	73.5851937	4563.6
662	47.0	47.0	47.0	1093,273,14,6	137.4	39.4834868	73.5851938	4563.6
663	103.1	99.1	103.1	1415,308,10,5	137.3	39.4834915	73.5851920	4563.6
664	91.1	91.1	91.1	239,401,9,8	136.4	39.4834906	73.5851908	4563.5
665	95.1	95.1	98.1	213,744,4,17	136.2	39.4834917	73.5851909	4563.6
666	35.0	35.0	35.0	1722,135,15,4	135.9	39.4834893	73.5851927	4563.6
667	81.1	78.1	84.1	523,753,6,8	135.8	39.4834876	73.5851921	4563.5
668	30.0	30.0	30.0	135,461,8,12	135.7	39.4834902	73.5851924	4563.6
669	55.1	55.1	55.1	111,18,7,9	135.6	39.4834872	73.5851941	4563.5
670	50.1	50.1	50.1	933,211,18,4	135.5	39.4834882	73.5851937	4563.5
671	21.0	21.0	21.0	1521,0,8,5	135.4	39.4834887	73.5851935	4563.5
672	65.1	65.1	65.1	677,728,2,23	135.4	39.4834879	73.5851921	4563.6
673	62.1	62.1	62.1	1585,125,6,10	134.9	39.4834875	73.5851925	4563.5
674	61.1	61.1	61.1	1065,47,8,8	134.7	39.4834876	73.5851930	4563.5
675	59.1	59.1	63.1	761,337,4,8	134.6	39.4834872	73.5851939	4563.6
676	85.1	85.1	85.1	1796,1003,10,6	134.4	39.4834901	73.5851914	4563.6
677	102.1	102.1	102.1	834,664,7,13	134.2	39.4834916	73.5851920	4563.6
678	46.0	46.0	46.0	131,353,12,5	134.0	39.4834859	73.5851938	4563.5
679	77.1	77.1	77.1	177,1017,7,8	133.8	39.4834855	73.5851921	4563.6
680	59.1	57.1	59.1	1489,69,6,7	133.6	39.4834872	73.5851939	4563.6
681	56.1	56.1	56.1	671,940,12,5	133.4	39.4834871	73.5851941	4563.5
682	62.1	62.1	62.1	1073,75,8,6	133.3	39.4834875	73.5851925	4563.5
683	105.1	104.1	105.1	455,759,16,4	133.2	39.4834915	73.5851921	4563.5
684	21.0	21.0	21.0	1299,113,12,6	132.9	39.4834887	73.5851935	4563.5
685	83.1	83.1	85.1	729,336,10,5	132.5	39.4834894	73.5851921	4563.6
686	19.0	19.0	19.0	1389,488,8,9	132.4	39.4834874	73.5851940	4563.5
687	32.0	32.0	33.0	479,558,6,11	132.3	39.4834896	73.5851924	4563.5
688	79.1	79.1	84.1	1265,0,10,5	132.3	39.4834861	73.5851921	4563.6
689	96.1	96.1	96.1	745,1007,5,8	132.1	39.4834915	73.5851911	4563.5
690	74.1	74.1	74.1	1889,49,8,4	131.9	39.4834863	73.5851919	4563.6
691	76.1	76.1	76.1	1745,21,8,4	131.8	39.4834854	73.5851921	4563.5
692	88.1	88.1	88.1	957,545,4,10	131.6	39.4834900	73.5851917	4563.5
693	18.0	18.0	22.0	825,51,14,4	131.3	39.4834867	73.5851941	4563.5
694	29.0	29.0	29.0	113,419,6,10	131.3	39.4834907	73.5851928	4563.6
695	55.1	55.1	55.1	1050,139,7,6	131.3	39.4834872	73.5851941	4563.5
696	88.1	88.1	88.1	0,91,7,6	131.0	39.4834900	73.5851917	4563.5
697	81.1	81.1	82.1	961,487,6,8	130.9	39.4834876	73.5851921	4563.5
698	30.0	30.0	30.0	273,299,8,12	130.4	39.4834902	73.5851924	4563.6
699	41.0	41.0	41.0	1831,9,9,4	129.6	39.4834869	73.5851933	4563.5
700	33.0	33.0	33.0	334,958,13,8	129.3	39.4834897	73.5851925	4563.5
701	72.1	68.1	72.1	717,841,10,9	129.0	39.4834874	73.5851915	4563.6
702	78.1	78.1	86.1	1367,583,6,8	129.0	39.4834857	73.5851921	4563.6
703	76.1	76.1	76.1	870,614,8,11	128.9	39.4834854	73.5851921	4563.5
704	53.1	47.0	53.1	823,923,10,6	128.6	39.4834877	73.5851937	4563.5
705	64.1	64.1	64.1	930,909,13,4	128.5	39.4834878	73.5851924	4563.6
706	66.1	66.1	66.1	593,967,4,11	128.3	39.4834880	73.5851916	4563.6
707	84.1	84.1	84.1	769,680,8,12	128.3	39.4834898	73.5851916	4563.6
708	86.1	86.1	86.1	769,779,8,5	128.3	39.4834903	73.5851917	4563.6
709	14.0	14.0	14.0	1201,86,8,5	127.9	39.4834866	73.5851942	4563.5
710	40.0	40.0	43.0	985,683,6,12	127.8	39.4834874	73.5851933	4563.5
711	13.0	13.0	13.0	1650,641,7,8	127.6	39.4834867	73.5851941	4563.5
712	56.1	56.1	56.1	717,886,4,11	127.6	39.4834871	73.5851941	4563.5
713	44.0	44.0	47.0	403,55,8,10	127.2	39.4834853	73.5851937	4563.6
714	91.1	91.1	91.1	737,779,10,6	127.1	39.4834906	73.5851908	4563.5
715	64.1	64.1	65.1	713,39,8,6	126.9	39.4834878	73.5851924	4563.6
716	96.1	96.1	96.1	26,625,4,9	126.8	39.4834915	73.5851911	4563.5
717	29.0	29.0	29.0	71,793,6,8	126.6	39.4834907	73.5851928	4563.6
718	61.1	61.1	61.1	1003,71,5,9	126.6	39.4834876	73.5851930	4563.5
719	68.1	68.1	68.1	1795,53,20,2	126.6	39.4834880	73.5851913	4563.5
720	86.1	85.1	86.1	511,955,21,2	126.5	39.4834903	73.5851917	4563.6
721	19.0	19.0	19.0	1293,777,10,5	125.5	39.4834874	73.5851940	4563.5
722	92.1	92.1	92.1	134,335,8,10	125.4	39.4834913	73.5851908	4563.6
723	19.0	19.0	19.0	1737,0,8,5	125.0	39.4834874	73.5851940	4563.5
724	68.1	68.1	68.1	545,291,6,6	125.0	39.4834880	73.5851913	4563.5
725	104.1	104.1	104.1	1039,183,9,4	125.0	39.4834914	73.5851920	4563.5
726	61.1	61.1	65.1	1551,37,13,4	124.8	39.4834876	73.5851930	4563.5
727	99.1	99.1	102.1	1142,363,15,5	124.7	39.4834915	73.5851920	4563.5
728	40.0	40.0	40.0	33,1051,6,6	124.4	39.4834874	73.5851933	4563.5
729	105.1	105.1	105.1	871,1066,9,6	124.4	39.4834915	73.5851921	4563.5
730	22.0	22.0	22.0	78,251,11,6	124.3	39.4834892	73.5851932	4563.6
731	23.0	23.0	23.0	1633,143,6,6	124.3	39.4834899	73.5851933	4563.5
732	37.0	37.0	37.0	1003,217,5,8	124.3	39.4834884	73.5851928	4563.5
733	61.1	61.1	65.1	857,387,7,8	124.3	39.4834876	73.5851930	4563.5
734	16.0	16.0	16.0	1595,395,2,20	124.1	39.4834865	73.5851944	4563.5
735	54.1	54.1	55.1	201,717,6,8	124.1	39.4834875	73.5851940	4563.5
736	20.0	20.0	21.0	330,291,5,10	123.9	39.4834881	73.5851939	4563.5
737	43.0	43.0	43.0	1843,899,13,4	123.7	39.4834858	73.5851937	4563.6
738	14.0	14.0	14.0	353,327,10,4	123.6	39.4834866	73.5851942	4563.5
739	33.0	33.0	33.0	1572,29,11,4	123.1	39.4834897	73.5851925	4563.5
740	47.0	47.0	48.0	375,125,7,7	122.6	39.4834868	73.5851938	4563.6
741	96.1	96.1	96.1	170,17,5,8	122.4	39.4834915	73.5851911	4563.5
742	104.1	99.1	105.1	567,1015,10,6	122.3	39.4834914	73.5851920	4563.5
743	65.1	65.1	65.1	1742,1072,5,8	121.5	39.4834879	73.5851921	4563.6
744	69.1	69.1	69.1	875,907,6,6	121.5	39.4834882	73.5851915	4563.5
745	82.1	82.1	82.1	755,769,4,8	121.5	39.4834884	73.5851921	4563.6
746	94.1	94.1	98.1	468,473,5,8	121.4	39.4834920	73.5851909	4563.6
747	17.0	17.0	17.0	881,779,8,4	121.3	39.4834865	73.5851942	4563.5
748	20.0	20.0	20.0	1203,0,12,3	121.0	39.4834881	73.5851939	4563.5
749	38.0	37.0	38.0	581,901,6,6	120.7	39.4834882	73.5851933	4563.5
750	78.1	78.1	78.1	630,973,9,6	120.5	39.4834857	73.5851921	4563.6
751	92.1	92.1	92.1	1522,329,12,8	120.5	39.4834913	73.5851908	4563.6
752	35.0	35.0	35.0	1851,0,6,5	120.4	39.4834893	73.5851927	4563.6
753	39.0	39.0	39.0	857,163,12,10	120.4	39.4834880	73.5851935	4563.5
754	45.0	45.0	45.0	955,897,6,12	120.4	39.4834855	73.5851937	4563.5
755	13.0	13.0	13.0	1149,133,10,6	120.1	39.4834867	73.5851941	4563.5
756	21.0	21.0	21.0	237,883,10,8	120.0	39.4834887	73.5851935	4563.5
757	47.0	47.0	47.0	1161,869,12,6	120.0	39.4834868	73.5851938	4563.6
758	20.0	20.0	20.0	1273,178,10,5	119.9	39.4834881	73.5851939	4563.5
759	43.0	43.0	43.0	1119,901,6,8	119.9	39.4834858	73.5851937	4563.6
760	91.1	91.1	91.1	317,113,10,8	119.9	39.4834906	73.5851908	4563.5
761	47.0	44.0	47.0	969,923,12,6	119.8	39.4834868	73.5851938	4563.6
762	76.1	76.1	76.1	25,1073,6,7	119.7	39.4834854	73.5851921	4563.5
763	104.1	104.1	104.1	188,162,8,7	119.6	39.4834914	73.5851920	4563.5
764	30.0	30.0	30.0	749,867,4,10	119.5	39.4834902	73.5851924	4563.6
765	49.0	49.0	49.0	577,745,14,4	119.5	39.4834879	73.5851937	4563.6
766	50.1	50.1	50.1	1021,599,8,6	119.4	39.4834882	73.5851937	4563.5
767	77.1	77.1	77.1	1793,99,14,4	119.3	39.4834855	73.5851921	4563.6
768	41.0	41.0	41.0	1911,43,9,4	119.2	39.4834869	73.5851933	4563.5
769	98.1	96.1	98.1	625,808,6,9	119.2	39.4834915	73.5851919	4563.5
770	76.1	76.1	77.1	1363,195,6,7	118.8	39.4834854	73.5851921	4563.5
771	105.1	105.1	105.1	353,651,16,4	118.6	39.4834915	73.5851921	4563.5
772	45.0	45.0	45.0	805,147,6,8	118.1	39.4834855	73.5851937	4563.5
773	54.1	54.1	55.1	517,903,6,10	118.0	39.4834875	73.5851940	4563.5
774	77.1	77.1	77.1	1043,1011,6,6	118.0	39.4834855	73.5851921	4563.6
775	92.1	92.1	92.1	1880,684,10,11	118.0	39.4834913	73.5851908	4563.6
776	37.0	37.0	37.0	1457,897,7,7	117.9	39.4834884	73.5851928	4563.5
777	81.1	81.1	82.1	313,11,8,4	117.7	39.4834876	73.5851921	4563.5
778	70.1	70.1	70.1	835,777,4,8	117.6	39.4834882	73.5851915	4563.5
779	15.0	15.0	15.0	1441,283,8,4	117.5	39.4834866	73.5851941	4563.5
780	53.1	53.1	53.1	933,773,8,6	117.5	39.4834877	73.5851937	4563.5
781	97.1	97.1	97.1	1553,1057,10,4	117.5	39.4834914	73.5851917	4563.5
782	85.1	81.1	85.1	65,793,4,10	117.4	39.4834901	73.5851914	4563.6
783	10.0	10.0	10.0	61,513,4,9	117.2	39.4834875	73.5851943	4563.5
784	87.1	87.1	87.1	569,905,8,4	117.2	39.4834900	73.5851919	4563.5
785	63.1	63.1	68.1	1305,73,9,7	117.1	39.4834875	73.5851923	4563.5
786	46.0	46.0	46.0	437,564,10,10	117.0	39.4834859	73.5851938	4563.5
787	51.1	51.1	51.1	1879,9,10,4	117.0	39.4834884	73.5851937	4563.5
788	43.0	39.0	44.0	985,505,10,6	116.7	39.4834858	73.5851937	4563.6
789	35.0	35.0	35.0	1297,113,6,10	116.2	39.4834893	73.5851927	4563.6
790	47.0	47.0	47.0	664,675,8,9	116.1	39.4834868	73.5851938	4563.6
791	47.0	47.0	47.0	1586,1032,6,7	115.9	39.4834868	73.5851938	4563.6
792	72.1	72.1	72.1	928,369,7,10	115.9	39.4834874	73.5851915	4563.6
793	32.0	32.0	36.0	1047,493,10,4	115.1	39.4834896	73.5851924	4563.5
794	71.1	71.1	71.1	449,517,6,6	115.1	39.4834879	73.5851915	4563.5
795	74.1	74.1	74.1	365,991,7,7	115.1	39.4834863	73.5851919	4563.6
796	30.0	30.0	30.0	984,51,11,4	114.8	39.4834902	73.5851924	4563.6
797	64.1	64.1	64.1	90,107,11,4	114.6	39.4834878	73.5851924	4563.6
798	67.1	63.1	69.1	533,771,7,6	114.6	39.4834880	73.5851917	4563.5
799	104.1	104.1	106.1	737,613,8,4	114.5	39.4834914	73.5851920	4563.5
800	56.1	56.1	56.1	299,409,9,12	114.4	39.4834871	73.5851941	4563.5
801	17.0	17.0	17.0	1596,572,5,11	114.3	39.4834865	73.5851942	4563.5
802	43.0	43.0	43.0	1089,185,14,6	114.3	39.4834858	73.5851937	4563.6
803	77.1	77.1	81.1	1713,17,6,10	114.3	39.4834855	73.5851921	4563.6
804	62.1	62.1	62.1	513,989,4,12	114.0	39.4834875	73.5851925	4563.5
805	20.0	20.0	20.0	1513,163,8,4	113.8	39.4834881	73.5851939	4563.5
806	30.0	30.0	30.0	293,5,8,8	113.8	39.4834902	73.5851924	4563.6
807	39.0	39.0	39.0	1061,307,12,4	113.2	39.4834880	73.5851935	4563.5
808	56.1	56.1	56.1	849,0,10,5	113.0	39.4834871	73.5851941	4563.5
809	75.1	75.1	75.1	747,809,10,8	112.9	39.4834858	73.5851922	4563.5
810	20.0	20.0	20.0	1081,654,7,11	112.8	39.4834881	73.5851939	4563.5
811	8.0	8.0	8.0	875,263,8,6	112.7	39.4834882	73.5851945	4563.6
812	54.1	54.1	54.1	525,833,8,4	112.3	39.4834875	73.5851940	4563.5
813	54.1	54.1	54.1	761,441,8,4	112.2	39.4834875	73.5851940	4563.5
814	8.0	8.0	8.0	499,685,4,18	111.9	39.4834882	73.5851945	4563.6
815	87.1	87.1	87.1	483,1041,4,8	111.9	39.4834900	73.5851919	4563.5
816	78.1	78.1	78.1	881,137,6,8	111.8	39.4834857	73.5851921	4563.6
817	50.1	50.1	50.1	953,581,4,8	111.7	39.4834882	73.5851937	4563.5
818	80.1	76.1	87.1	1701,886,7,6	111.5	39.4834869	73.5851922	4563.6
819	54.1	54.1	57.1	1329,125,6,10	111.3	39.4834875	73.5851940	4563.5
820	54.1	54.1	54.1	769,947,12,6	111.1	39.4834875	73.5851940	4563.5
821	80.1	80.1	80.1	1387,821,13,6	111.0	39.4834869	73.5851922	4563.6
822	30.0	30.0	30.0	1320,27,12,4	110.9	39.4834902	73.5851924	4563.6
823	38.0	38.0	38.0	905,275,8,4	110.9	39.4834882	73.5851933	4563.5
824	72.1	72.1	72.1	119,7,7,8	110.8	39.4834874	73.5851915	4563.6
825	104.1	103.1	104.1	837,97,6,8	110.6	39.4834914	73.5851920	4563.5
826	75.1	75.1	75.1	1775,225,8,4	110.2	39.4834858	73.5851922	4563.5
827	50.1	50.1	50.1	1129,607,8,9	110.1	39.4834882	73.5851937	4563.5
828	65.1	65.1	65.1	1285,181,12,4	110.1	39.4834879	73.5851921	4563.6
829	99.1	95.1	99.1	449,381,14,4	110.0	39.4834915	73.5851920	4563.5
830	54.1	54.1	54.1	1437,283,12,4	109.6	39.4834875	73.5851940	4563.5
831	48.0	47.0	48.0	785,387,14,4	109.5	39.4834874	73.5851938	4563.6
832	21.0	21.0	21.0	1289,179,9,4	109.3	39.4834887	73.5851935	4563.5
833	22.0	22.0	22.0	1741,41,10,6	109.3	39.4834892	73.5851932	4563.6
834	31.0	31.0	33.0	881,553,8,6	109.3	39.4834898	73.5851924	4563.5
835	22.0	22.0	22.0	651,19,6,6	109.2	39.4834892	73.5851932	4563.6
836	37.0	37.0	37.0	137,261,8,4	108.9	39.4834884	73.5851928	4563.5
837	30.0	30.0	34.0	381,281,10,8	108.7	39.4834902	73.5851924	4563.6
838	36.0	36.0	36.0	1311,1001,6,8	108.3	39.4834888	73.5851927	4563.6
839	91.1	91.1	91.1	251,139,12,4	108.0	39.4834906	73.5851908	4563.5
840	82.1	82.1	82.1	1809,562,4,11	107.9	39.4834884	73.5851921	4563.6
841	8.0	8.0	8.0	215,891,6,6	107.3	39.4834882	73.5851945	4563.6
842	46.0	46.0	46.0	940,121,6,6	106.9	39.4834859	73.5851938	4563.5
843	84.1	84.1	84.1	57,225,4,10	106.9	39.4834898	73.5851916	4563.6
844	75.1	75.1	75.1	979,385,9,4	106.2	39.4834858	73.5851922	4563.5
845	81.1	81.1	87.1	1097,953,8,6	106.1	39.4834876	73.5851921	4563.5
846	105.1	105.1	105.1	273,257,8,6	106.1	39.4834915	73.5851921	4563.5
847	62.1	62.1	62.1	1745,0,8,5	105.9	39.4834875	73.5851925	4563.5
848	94.1	94.1	94.1	626,281,15,2	105.5	39.4834920	73.5851909	4563.6
849	68.1	68.1	68.1	151,498,8,5	105.4	39.4834880	73.5851913	4563.5
850	81.1	81.1	83.1	301,97,4,8	105.3	39.4834876	73.5851921	4563.5
851	55.1	55.1	55.1	49,153,6,6	105.1	39.4834872	73.5851941	4563.5
852	101.1	101.1	101.1	971,923,6,6	104.9	39.4834916	73.5851920	4563.6
853	16.0	16.0	16.0	1229,553,10,4	104.7	39.4834865	73.5851944	4563.5
854	80.1	80.1	87.1	1337,0,8,5	104.6	39.4834869	73.5851922	4563.6
855	81.1	81.1	81.1	971,1049,6,6	103.8	39.4834876	73.5851921	4563.5
856	46.0	46.0	49.0	989,627,12,4	103.7	39.4834859	73.5851938	4563.5
857	55.1	55.1	55.1	1359,541,12,4	103.6	39.4834872	73.5851941	4563.5
858	56.1	56.1	56.1	1607,28,8,5	103.6	39.4834871	73.5851941	4563.5
859	30.0	30.0	30.0	1590,361,3,10	103.5	39.4834902	73.5851924	4563.6
860	83.1	83.1	83.1	153,263,6,6	103.4	39.4834894	73.5851921	4563.6
861	47.0	47.0	47.0	1047,665,4,8	103.2	39.4834868	73.5851938	4563.6
862	69.1	69.1	69.1	1113,849,8,8	103.2	39.4834882	73.5851915	4563.5
863	21.0	21.0	21.0	1774,305,11,4	103.1	39.4834887	73.5851935	4563.5
864	74.1	74.1	74.1	1068,130,5,13	103.1	39.4834863	73.5851919	4563.6
865	52.1	52.1	52.1	1865,0,6,5	103.0	39.4834880	73.5851937	4563.5
866	35.0	35.0	35.0	743,665,6,8	102.6	39.4834893	73.5851927	4563.6
867	42.0	42.0	42.0	1373,389,8,12	102.0	39.4834863	73.5851937	4563.6
868	54.1	54.1	54.1	612,833,13,4	102.0	39.4834875	73.5851940	4563.5
869	82.1	82.1	85.1	1283,849,8,7	101.9	39.4834884	73.5851921	4563.6
870	21.0	21.0	21.0	1814,69,11,4	101.6	39.4834887	73.5851935	4563.5
871	46.0	46.0	46.0	1697,1015,14,2	101.6	39.4834859	73.5851938	4563.5
872	103.1	101.1	103.1	823,918,5,6	101.2	39.4834915	73.5851920	4563.6
873	91.1	91.1	91.1	744,897,5,6	100.5	39.4834906	73.5851908	4563.5
874	55.1	55.1	55.1	1321,697,8,4	100.4	39.4834872	73.5851941	4563.5
875	30.0	30.0	30.0	0,802,3,11	100.3	39.4834902	73.5851924	4563.6
876	80.1	80.1	84.1	778,69,7,8	100.3	39.4834869	73.5851922	4563.6
877	31.0	31.0	31.0	699,234,4,14	100.0	39.4834898	73.5851924	4563.5
878	39.0	39.0	39.0	1141,345,10,8	99.8	39.4834880	73.5851935	4563.5
879	73.1	73.1	73.1	1246,589,9,4	99.4	39.4834868	73.5851916	4563.6
880	83.1	81.1	85.1	505,873,6,4	98.7	39.4834894	73.5851921	4563.6
881	33.0	33.0	33.0	1288,53,13,4	98.5	39.4834897	73.5851925	4563.5
882	34.0	34.0	34.0	1909,0,6,5	98.5	39.4834898	73.5851926	4563.5
883	21.0	21.0	21.0	215,55,5,8	98.3	39.4834887	73.5851935	4563.5
884	76.1	76.1	76.1	769,721,8,7	98.2	39.4834854	73.5851921	4563.5
885	50.1	50.1	50.1	1785,74,15,3	98.1	39.4834882	73.5851937	4563.5
886	66.1	66.1	66.1	1033,889,8,4	98.1	39.4834880	73.5851916	4563.6
887	83.1	83.1	85.1	343,763,5,10	98.1	39.4834894	73.5851921	4563.6
888	96.1	96.1	98.1	611,664,4,9	98.0	39.4834915	73.5851911	4563.5
889	20.0	20.0	20.0	627,581,4,12	97.8	39.4834881	73.5851939	4563.5
890	43.0	43.0	44.0	1249,35,6,8	97.8	39.4834858	73.5851937	4563.6
891	81.1	81.1	82.1	457,729,6,6	97.8	39.4834876	73.5851921	4563.5
892	95.1	94.1	95.1	257,419,11,4	97.8	39.4834917	73.5851909	4563.6
893	31.0	31.0	31.0	69,13,5,8	97.7	39.4834898	73.5851924	4563.5
894	70.1	70.1	70.1	1169,343,6,6	97.5	39.4834882	73.5851915	4563.5
895	85.1	84.1	87.1	584,565,7,6	97.4	39.4834901	73.5851914	4563.6
896	65.1	65.1	65.1	195,90,6,7	97.3	39.4834879	73.5851921	4563.6
897	87.1	84.1	87.1	849,426,6,5	97.3	39.4834900	73.5851919	4563.5
898	103.1	103.1	103.1	709,369,12,5	97.2	39.4834915	73.5851920	4563.6
899	10.0	10.0	10.0	385,1003,4,6	96.8	39.4834875	73.5851943	4563.5
900	49.0	49.0	49.0	529,881,4,9	96.8	39.4834879	73.5851937	4563.6
901	86.1	86.1	86.1	153,1025,4,8	96.8	39.4834903	73.5851917	4563.6
902	54.1	54.1	54.1	1064,185,11,4	96.7	39.4834875	73.5851940	4563.5
903	43.0	43.0	43.0	56,593,5,8	96.6	39.4834858	73.5851937	4563.6
904	48.0	48.0	48.0	292,799,5,6	96.6	39.4834874	73.5851938	4563.6
905	104.1	100.1	104.1	691,985,6,6	96.5	39.4834914	73.5851920	4563.5
906	34.0	34.0	34.0	451,273,8,8	96.3	39.4834898	73.5851926	4563.5
907	46.0	46.0	48.0	1373,389,8,6	96.2	39.4834859	73.5851938	4563.5
908	72.1	72.1	72.1	1439,498,6,9	96.2	39.4834874	73.5851915	4563.6
909	43.0	43.0	43.0	963,886,8,9	96.0	39.4834858	73.5851937	4563.6
910	49.0	49.0	49.0	1373,771,10,6	96.0	39.4834879	73.5851937	4563.6
911	84.1	84.1	84.1	437,467,6,4	96.0	39.4834898	73.5851916	4563.6
912	42.0	39.0	42.0	857,841,11,4	95.1	39.4834863	73.5851937	4563.6
913	55.1	55.1	55.1	1096,1073,7,7	94.4	39.4834872	73.5851941	4563.5
914	30.0	30.0	30.0	1543,0,8,3	94.0	39.4834902	73.5851924	4563.6
915	75.1	75.1	75.1	1771,25,6,4	93.8	39.4834858	73.5851922	4563.5
916	101.1	101.1	101.1	1876,611,9,4	93.8	39.4834916	73.5851920	4563.6
917	105.1	105.1	105.1	489,450,8,5	93.8	39.4834915	73.5851921	4563.5
918	37.0	37.0	37.0	1459,1031,8,3	93.7	39.4834884	73.5851928	4563.5
919	82.1	81.1	86.1	457,901,8,6	93.7	39.4834884	73.5851921	4563.6
920	42.0	42.0	42.0	1221,517,8,8	93.6	39.4834863	73.5851937	4563.6
921	106.1	106.1	106.1	881,3,6,4	93.4	39.4834921	73.5851921	4563.6
922	21.0	21.0	21.0	1241,51,8,4	93.3	39.4834887	73.5851935	4563.5
923	81.1	81.1	86.1	1083,129,4,8	93.1	39.4834876	73.5851921	4563.5
924	42.0	42.0	42.0	1041,789,8,6	93.0	39.4834863	73.5851937	4563.6
925	21.0	21.0	21.0	51,449,6,6	92.9	39.4834887	73.5851935	4563.5
926	31.0	30.0	31.0	981,387,8,8	92.7	39.4834898	73.5851924	4563.5
927	54.1	54.1	54.1	1257,193,8,10	92.6	39.4834875	73.5851940	4563.5
928	76.1	76.1	76.1	729,825,4,8	92.5	39.4834854	73.5851921	4563.5
929	21.0	21.0	21.0	27,633,6,8	92.4	39.4834887	73.5851935	4563.5
930	48.0	48.0	48.0	1696,9,7,4	92.3	39.4834874	73.5851938	4563.6
931	30.0	30.0	30.0	215,322,8,7	92.2	39.4834902	73.5851924	4563.6
932	34.0	34.0	34.0	1815,180,10,3	91.7	39.4834898	73.5851926	4563.5
933	55.1	55.1	55.1	689,1067,8,6	91.7	39.4834872	73.5851941	4563.5
934	44.0	44.0	44.0	1618,1043,13,3	91.6	39.4834853	73.5851937	4563.6
935	101.1	100.1	101.1	1001,355,6,4	91.6	39.4834916	73.5851920	4563.6
936	102.1	102.1	102.1	1258,897,8,4	91.6	39.4834916	73.5851920	4563.6
937	50.1	50.1	50.1	781,167,10,4	91.4	39.4834882	73.5851937	4563.5
938	21.0	21.0	21.0	1715,233,8,4	91.2	39.4834887	73.5851935	4563.5
939	30.0	30.0	30.0	261,221,9,7	91.2	39.4834902	73.5851924	4563.6
940	36.0	36.0	36.0	925,657,5,6	91.1	39.4834888	73.5851927	4563.6
941	83.1	83.1	87.1	749,521,4,8	91.1	39.4834894	73.5851921	4563.6
942	31.0	31.0	31.0	1682,221,11,4	91.0	39.4834898	73.5851924	4563.5
943	35.0	35.0	35.0	1159,637,4,8	90.7	39.4834893	73.5851927	4563.6
944	56.1	56.1	56.1	1105,17,8,4	90.6	39.4834871	73.5851941	4563.5
945	22.0	22.0	22.0	1711,57,11,6	90.3	39.4834892	73.5851932	4563.6
946	22.0	22.0	22.0	1633,7,6,6	90.2	39.4834892	73.5851932	4563.6
947	30.0	30.0	30.0	0,305,5,10	90.1	39.4834902	73.5851924	4563.6
948	94.1	94.1	94.1	16,1033,5,6	90.1	39.4834920	73.5851909	4563.6
949	33.0	31.0	33.0	1131,317,12,4	89.8	39.4834897	73.5851925	4563.5
950	35.0	35.0	35.0	1889,457,6,4	89.8	39.4834893	73.5851927	4563.6
951	85.1	85.1	85.1	337,298,4,7	89.8	39.4834901	73.5851914	4563.6
952	64.1	64.1	64.1	1475,693,14,2	89.7	39.4834878	73.5851924	4563.6
953	95.1	94.1	95.1	373,956,6,5	89.6	39.4834917	73.5851909	4563.6
954	73.1	73.1	75.1	775,845,4,10	89.2	39.4834868	73.5851916	4563.6
955	20.0	20.0	20.0	649,49,8,8	89.0	39.4834881	73.5851939	4563.5
956	35.0	35.0	35.0	101,283,4,8	88.9	39.4834893	73.5851927	4563.6
957	36.0	36.0	36.0	1467,1073,4,7	88.7	39.4834888	73.5851927	4563.6
958	21.0	21.0	21.0	1713,171,8,4	88.3	39.4834887	73.5851935	4563.5
959	74.1	74.1	74.1	787,819,4,6	88.1	39.4834863	73.5851919	4563.6
960	46.0	46.0	50.1	1261,241,8,8	87.7	39.4834859	73.5851938	4563.5
961	49.0	49.0	49.0	177,119,6,4	86.8	39.4834879	73.5851937	4563.6
962	94.1	94.1	94.1	353,1067,12,4	86.5	39.4834920	73.5851909	4563.6
963	103.1	103.1	103.1	138,753,7,6	86.2	39.4834915	73.5851920	4563.6
964	64.1	64.1	64.1	1019,699,6,6	86.0	39.4834878	73.5851924	4563.6
965	73.1	73.1	73.1	767,601,6,4	85.8	39.4834868	73.5851916	4563.6
966	31.0	31.0	31.0	803,313,8,8	85.7	39.4834898	73.5851924	4563.5
967	65.1	65.1	65.1	773,971,6,6	85.6	39.4834879	73.5851921	4563.6
968	83.1	83.1	83.1	665,67,6,4	85.6	39.4834894	73.5851921	4563.6
969	41.0	41.0	41.0	0,989,7,4	85.4	39.4834869	73.5851933	4563.5
970	41.0	41.0	41.0	579,179,10,4	85.3	39.4834869	73.5851933	4563.5
971	22.0	22.0	22.0	1833,98,8,5	85.0	39.4834892	73.5851932	4563.6
972	64.1	64.1	64.1	377,1041,4,8	85.0	39.4834878	73.5851924	4563.6
973	83.1	83.1	83.1	891,321,9,4	85.0	39.4834894	73.5851921	4563.6
974	39.0	39.0	39.0	194,1007,5,5	84.8	39.4834880	73.5851935	4563.5
975	73.1	73.1	73.1	1081,721,4,8	84.7	39.4834868	73.5851916	4563.6
976	73.1	73.1	73.1	723,89,4,6	84.5	39.4834868	73.5851916	4563.6
977	41.0	41.0	41.0	603,713,4,6	84.4	39.4834869	73.5851933	4563.5
978	95.1	95.1	98.1	407,829,4,12	84.4	39.4834917	73.5851909	4563.6
979	34.0	34.0	34.0	1235,194,8,6	84.2	39.4834898	73.5851926	4563.5
980	55.1	55.1	55.1	1067,473,6,8	83.6	39.4834872	73.5851941	4563.5
981	47.0	47.0	47.0	281,206,5,5	83.1	39.4834868	73.5851938	4563.6
982	97.1	94.1	98.1	91,825,3,8	83.1	39.4834914	73.5851917	4563.5
983	48.0	48.0	48.0	1185,401,12,4	82.9	39.4834874	73.5851938	4563.6
984	44.0	44.0	44.0	113,889,8,4	82.8	39.4834853	73.5851937	4563.6
985	45.0	45.0	45.0	622,589,4,10	82.7	39.4834855	73.5851937	4563.5
986	39.0	39.0	39.0	1051,17,6,6	82.6	39.4834880	73.5851935	4563.5
987	48.0	48.0	48.0	775,1049,6,4	81.8	39.4834874	73.5851938	4563.6
988	32.0	32.0	32.0	1719,140,10,3	81.3	39.4834896	73.5851924	4563.5
989	31.0	31.0	31.0	307,297,6,4	80.5	39.4834898	73.5851924	4563.5
990	84.1	84.1	84.1	1351,291,8,4	80.3	39.4834898	73.5851916	4563.6
991	39.0	39.0	39.0	913,981,4,8	80.2	39.4834880	73.5851935	4563.5
992	56.1	56.1	56.1	1281,293,8,7	80.2	39.4834871	73.5851941	4563.5
993	47.0	47.0	47.0	1031,275,10,4	79.6	39.4834868	73.5851938	4563.6
994	95.1	95.1	95.1	63,1011,7,5	79.4	39.4834917	73.5851909	4563.6
995	84.1	84.1	84.1	1457,547,4,11	79.2	39.4834898	73.5851916	4563.6
996	31.0	31.0	31.0	1739,250,8,3	79.1	39.4834898	73.5851924	4563.5
997	70.1	70.1	70.1	1907,1071,4,9	79.1	39.4834882	73.5851915	4563.5
998	57.1	57.1	57.1	593,723,6,4	79.0	39.4834870	73.5851940	4563.5
999	31.0	31.0	31.0	891,647,6,6	78.8	39.4834898	73.5851924	4563.5
1000	35.0	35.0	35.0	693,784,6,11	78.7	39.4834893	73.5851927	4563.6
1001	87.1	87.1	87.1	769,935,6,4	78.6	39.4834900	73.5851919	4563.5
1002	22.0	22.0	22.0	556,225,5,6	78.4	39.4834892	73.5851932	4563.6
1003	32.0	32.0	32.0	337,58,4,7	78.4	39.4834896	73.5851924	4563.5
1004	41.0	41.0	41.0	1017,446,8,7	78.4	39.4834869	73.5851933	4563.5
1005	31.0	31.0	31.0	1642,3,7,4	78.0	39.4834898	73.5851924	4563.5
1006	34.0	34.0	34.0	159,105,11,4	77.6	39.4834898	73.5851926	4563.5
1007	84.1	81.1	84.1	642,61,7,4	77.3	39.4834898	73.5851916	4563.6
1008	33.0	33.0	33.0	665,0,4,5	76.9	39.4834897	73.5851925	4563.5
1009	82.1	82.1	82.1	39,545,10,2	76.8	39.4834884	73.5851921	4563.6
1010	45.0	45.0	45.0	1267,281,10,4	76.7	39.4834855	73.5851937	4563.5
1011	34.0	34.0	34.0	386,0,4,9	76.5	39.4834898	73.5851926	4563.5
1012	31.0	31.0	31.0	611,251,6,6	76.4	39.4834898	73.5851924	4563.5
1013	48.0	48.0	48.0	541,925,4,8	76.4	39.4834874	73.5851938	4563.6
1014	98.1	98.1	98.1	569,697,4,8	76.4	39.4834915	73.5851919	4563.5
1015	86.1	84.1	86.1	417,595,10,2	75.6	39.4834903	73.5851917	4563.6
1016	97.1	97.1	97.1	88,994,7,5	75.2	39.4834914	73.5851917	4563.5
1017	97.1	97.1	97.1	353,668,6,5	74.7	39.4834914	73.5851917	4563.5
1018	31.0	31.0	31.0	101,563,4,6	74.5	39.4834898	73.5851924	4563.5
1019	103.1	103.1	103.1	209,873,6,4	74.5	39.4834915	73.5851920	4563.6
1020	48.0	48.0	48.0	1171,263,4,6	73.9	39.4834874	73.5851938	4563.6
1021	82.1	82.1	83.1	1402,1067,7,4	73.9	39.4834884	73.5851921	4563.6
1022	95.1	95.1	98.1	768,665,7,8	73.7	39.4834917	73.5851909	4563.6
1023	35.0	33.0	35.0	1883,249,8,4	73.0	39.4834893	73.5851927	4563.6
1024	85.1	85.1	85.1	1547,57,12,2	72.8	39.4834901	73.5851914	4563.6
1025	32.0	32.0	32.0	152,31,5,7	72.7	39.4834896	73.5851924	4563.5
1026	87.1	87.1	87.1	579,713,6,8	72.7	39.4834900	73.5851919	4563.5
1027	82.1	82.1	82.1	1821,722,4,8	71.9	39.4834884	73.5851921	4563.6
1028	85.1	84.1	87.1	397,443,2,12	71.6	39.4834901	73.5851914	4563.6
1029	7.0	7.0	7.0	302,1017,3,8	71.3	39.4834883	73.5851947	4563.5
1030	95.1	95.1	95.1	387,714,6,5	71.1	39.4834917	73.5851909	4563.6
1031	31.0	31.0	31.0	845,975,12,4	70.8	39.4834898	73.5851924	4563.5
1032	101.1	101.1	101.1	1795,99,9,3	70.6	39.4834916	73.5851920	4563.6
1033	100.1	100.1	100.1	1712,185,7,6	70.5	39.4834916	73.5851921	4563.5
1034	82.1	82.1	82.1	1203,631,4,4	70.4	39.4834884	73.5851921	4563.6
1035	57.1	57.1	57.1	1415,305,8,4	69.8	39.4834870	73.5851940	4563.5
1036	94.1	94.1	95.1	425,971,6,4	69.7	39.4834920	73.5851909	4563.6
1037	100.1	100.1	100.1	1332,379,5,6	69.5	39.4834916	73.5851921	4563.5
1038	32.0	32.0	32.0	859,451,6,4	69.0	39.4834896	73.5851924	4563.5
1039	72.1	72.1	72.1	257,73,5,6	69.0	39.4834874	73.5851915	4563.6
1040	96.1	94.1	98.1	685,945,4,6	69.0	39.4834915	73.5851911	4563.5
1041	106.1	106.1	106.1	663,677,10,3	68.8	39.4834921	73.5851921	4563.6
1042	96.1	96.1	98.1	424,418,5,5	68.5	39.4834915	73.5851911	4563.5
1043	33.0	33.0	33.0	679,170,6,5	68.3	39.4834897	73.5851925	4563.5
1044	86.1	86.1	86.1	497,683,4,5	67.8	39.4834903	73.5851917	4563.6
1045	87.1	87.1	87.1	754,555,9,3	67.6	39.4834900	73.5851919	4563.5
1046	98.1	98.1	98.1	305,714,5,5	67.3	39.4834915	73.5851919	4563.5
1047	32.0	32.0	32.0	888,617,4,8	66.5	39.4834896	73.5851924	4563.5
1048	33.0	33.0	33.0	417,817,4,10	66.5	39.4834897	73.5851925	4563.5
1049	35.0	35.0	35.0	1055,777,8,6	66.5	39.4834893	73.5851927	4563.6
1050	85.1	85.1	85.1	437,381,4,4	65.5	39.4834901	73.5851914	4563.6
1051	98.1	98.1	98.1	599,331,10,4	65.2	39.4834915	73.5851919	4563.5
1052	106.1	106.1	106.1	716,347,5,5	65.2	39.4834921	73.5851921	4563.6
1053	32.0	32.0	32.0	1387,135,12,2	63.8	39.4834896	73.5851924	4563.5
1054	82.1	82.1	82.1	305,835,5,5	63.4	39.4834884	73.5851921	4563.6
1055	35.0	35.0	35.0	329,585,3,6	61.4	39.4834893	73.5851927	4563.6
1056	57.1	57.1	57.1	1707,884,4,5	61.3	39.4834870	73.5851940	4563.5
1057	33.0	33.0	33.0	553,897,4,14	59.4	39.4834897	73.5851925	4563.5
1058	57.1	57.1	57.1	67,789,4,6	58.8	39.4834870	73.5851940	4563.5
1059	102.1	100.1	102.1	1419,221,6,4	58.7	39.4834916	73.5851920	4563.6
1060	57.1	57.1	57.1	1201,697,8,2	58.3	39.4834870	73.5851940	4563.5
1061	106.1	106.1	106.1	409,353,12,2	56.1	39.4834921	73.5851921	4563.6
1062	87.1	87.1	87.1	309,333,4,4	55.7	39.4834900	73.5851919	4563.5
1063	87.1	87.1	87.1	881,587,4,4	53.6	39.4834900	73.5851919	4563.5
1064	33.0	33.0	33.0	1887,5,8,2	52.0	39.4834897	73.5851925	4563.5
1065	100.1	100.1	100.1	1587,1020,9,3	51.4	39.4834916	73.5851921	4563.5
1066	100.1	100.1	100.1	1035,257,6,4	47.0	39.4834916	73.5851921	4563.5
1067	7.0	7.0	7.0	257,79,6,2	42.0	39.4834883	73.5851947	4563.5
1068	102.1	102.1	102.1	529,809,6,2	41.1	39.4834916	73.5851920	4563.6
1069	102.1	102.1	102.1	769,719,6,2	39.9	39.4834916	73.5851920	4563.6
1070	102.1	102.1	102.1	945,307,3,4	38.1	39.4834916	73.5851920	4563.6
1071	7.0	7.0	7.0	831,844,2,5	35.2	39.4834883	73.5851947	4563.5
1072	102.1	102.1	102.1	1163,395,4,3	34.1	39.4834916	73.5851920	4563.6
1073	7.0	7.0	7.0	813,779,4,4	34.0	39.4834883	73.5851947	4563.5
1074	7.0	7.0	7.0	457,165,2,4	30.7	39.4834883	73.5851947	4563.5
